Файл;Дата;Время;Широта;Долгота;Станция;Линия;Уверенность;Пояснение;Ближайшая к GPS;м до неё
20240922_053152.jpg;22.09.2024;05:31:52;55,556235;37,473112;Потапово;1;средняя;"до первого надёжного кадра; GPS указывал на «Новомосковская» (579 м) — под землёй координата недостоверна";Новомосковская;579
20240922_054158.jpg;22.09.2024;05:41:58;55,555109;37,474809;Потапово;1;средняя;"до первого надёжного кадра; GPS указывал на «Новомосковская» (743 м) — под землёй координата недостоверна";Новомосковская;743
20240922_054310.jpg;22.09.2024;05:43:10;55,551890;37,488286;Потапово;1;средняя;до первого надёжного кадра;Потапово;285
20240922_054453.jpg;22.09.2024;05:44:52;55,551833;37,490757;Потапово;1;высокая;свежий GPS в 148 м, согласуется с соседями по времени езды;Потапово;148
20240922_054507.jpg;22.09.2024;05:45:07;55,551825;37,490748;Потапово;1;высокая;свежий GPS в 149 м, согласуется с соседями по времени езды;Потапово;149
20240922_054722.jpg;22.09.2024;05:47:22;55,552570;37,491589;Потапово;1;высокая;свежий GPS в 65 м, согласуется с соседями по времени езды;Потапово;65
20240922_054753.jpg;22.09.2024;05:47:53;55,552570;37,491589;Потапово;1;высокая;свежий GPS в 65 м, согласуется с соседями по времени езды;Потапово;65
20240922_055323.jpg;22.09.2024;05:53:24;;;Новомосковская;1/16;высокая;"без надёжной привязки; 4 серий между «Потапово» и «Саларьево» выстроены вдоль пути (4 станций между ними), серия 1 по времени попадает на «Новомосковская»; серий ровно столько, сколько станций";;
20240922_055336.jpg;22.09.2024;05:53:36;;;Новомосковская;1/16;высокая;"без надёжной привязки; 4 серий между «Потапово» и «Саларьево» выстроены вдоль пути (4 станций между ними), серия 1 по времени попадает на «Новомосковская»; серий ровно столько, сколько станций";;
20240922_055420.jpg;22.09.2024;05:54:21;;;Новомосковская;1/16;высокая;"без надёжной привязки; 4 серий между «Потапово» и «Саларьево» выстроены вдоль пути (4 станций между ними), серия 1 по времени попадает на «Новомосковская»; серий ровно столько, сколько станций";;
20240922_055610.jpg;22.09.2024;05:56:10;;;Ольховая;1;высокая;"без надёжной привязки; 4 серий между «Потапово» и «Саларьево» выстроены вдоль пути (4 станций между ними), серия 2 по времени попадает на «Ольховая»; серий ровно столько, сколько станций";;
20240922_055927.jpg;22.09.2024;05:59:26;;;Прокшино;1;высокая;"без надёжной привязки; 4 серий между «Потапово» и «Саларьево» выстроены вдоль пути (4 станций между ними), серия 3 по времени попадает на «Прокшино»; серий ровно столько, сколько станций";;
20240922_055930.jpg;22.09.2024;05:59:30;;;Прокшино;1;высокая;"без надёжной привязки; 4 серий между «Потапово» и «Саларьево» выстроены вдоль пути (4 станций между ними), серия 3 по времени попадает на «Прокшино»; серий ровно столько, сколько станций";;
20240922_060237.jpg;22.09.2024;06:02:37;;;Филатов Луг;1;высокая;"без надёжной привязки; 4 серий между «Потапово» и «Саларьево» выстроены вдоль пути (4 станций между ними), серия 4 по времени попадает на «Филатов Луг»; серий ровно столько, сколько станций";;
20240922_060633.jpg;22.09.2024;06:06:33;55,621898;37,424080;Саларьево;1;высокая;свежий GPS в 7 м, согласуется с соседями по времени езды;Саларьево;7
20240922_060659.jpg;22.09.2024;06:06:58;55,622126;37,424277;Саларьево;1;высокая;свежий GPS в 23 м, согласуется с соседями по времени езды;Саларьево;23
20240922_060701.jpg;22.09.2024;06:07:01;55,622126;37,424277;Саларьево;1;высокая;свежий GPS в 23 м, согласуется с соседями по времени езды;Саларьево;23
20240922_060752.jpg;22.09.2024;06:07:53;55,622086;37,424398;Саларьево;1;высокая;свежий GPS в 23 м, согласуется с соседями по времени езды;Саларьево;23
20240922_060900.jpg;22.09.2024;06:09:00;55,633036;37,441474;Румянцево;1;высокая;свежий GPS в 12 м, согласуется с соседями по времени езды;Румянцево;12
20240922_061205.jpg;22.09.2024;06:12:05;55,645836;37,472414;Тропарёво;1;высокая;свежий GPS в 7 м, согласуется с соседями по времени езды;Тропарёво;7
20240922_061207.jpg;22.09.2024;06:12:07;55,645836;37,472414;Тропарёво;1;высокая;свежий GPS в 7 м, согласуется с соседями по времени езды;Тропарёво;7
20240922_061536.jpg;22.09.2024;06:15:36;55,663745;37,483246;Юго-Западная;1;высокая;свежий GPS в 11 м, согласуется с соседями по времени езды;Юго-Западная;11
20240922_061828.jpg;22.09.2024;06:18:28;55,664645;37,484042;Юго-Западная;1;высокая;свежий GPS в 122 м, согласуется с соседями по времени езды;Юго-Западная;122
20240922_062127.jpg;22.09.2024;06:21:27;55,664644;37,484042;Проспект Вернадского;1/11;средняя;"без надёжной привязки; 1 серий между «Юго-Западная» и «Воробьёвы горы» выстроены вдоль пути (2 станций между ними), серия 1 по времени попадает на «Проспект Вернадского»; GPS указывал на «Юго-Западная» (122 м) — под землёй координата недостоверна";Юго-Западная;122
20240922_062451.jpg;22.09.2024;06:24:52;55,709950;37,558733;Воробьёвы горы;1;высокая;свежий GPS в 55 м, согласуется с соседями по времени езды;Воробьёвы горы;55
20240922_062455.jpg;22.09.2024;06:24:55;55,709950;37,558733;Воробьёвы горы;1;высокая;свежий GPS в 55 м, согласуется с соседями по времени езды;Воробьёвы горы;55
20240922_062502.jpg;22.09.2024;06:25:02;55,710029;37,565112;Воробьёвы горы;1;средняя;"без надёжной привязки; 1 серий между «Воробьёвы горы» и «Спортивная» выстроены вдоль пути (0 станций между ними), серия 1 по времени попадает на «Воробьёвы горы»";Воробьёвы горы;366
20240922_062511.jpg;22.09.2024;06:25:11;55,710029;37,565112;Воробьёвы горы;1;средняя;"без надёжной привязки; 1 серий между «Воробьёвы горы» и «Спортивная» выстроены вдоль пути (0 станций между ними), серия 1 по времени попадает на «Воробьёвы горы»";Воробьёвы горы;366
20240922_062735.jpg;22.09.2024;06:27:35;55,722859;37,562418;Спортивная;1;высокая;свежий GPS в 127 м, согласуется с соседями по времени езды;Спортивная;127
20240922_063149.jpg;22.09.2024;06:31:49;55,727053;37,579463;Фрунзенская;1;высокая;свежий GPS в 74 м, согласуется с соседями по времени езды;Фрунзенская;74
20240922_063400.jpg;22.09.2024;06:34:00;55,720069;37,563648;Парк Культуры;1/5;средняя;"без надёжной привязки; 5 серий между «Фрунзенская» и «Лубянка» выстроены вдоль пути (4 станций между ними), серия 1 по времени попадает на «Парк Культуры»; GPS указывал на «Лужники» (259 м) — под землёй координата недостоверна";Лужники;259
20240922_063409.jpg;22.09.2024;06:34:09;55,720069;37,563648;Парк Культуры;1/5;средняя;"без надёжной привязки; 5 серий между «Фрунзенская» и «Лубянка» выстроены вдоль пути (4 станций между ними), серия 1 по времени попадает на «Парк Культуры»; GPS указывал на «Лужники» (259 м) — под землёй координата недостоверна";Лужники;259
20240922_063609.jpg;22.09.2024;06:36:09;;;Кропоткинская;1;средняя;"без надёжной привязки; 5 серий между «Фрунзенская» и «Лубянка» выстроены вдоль пути (4 станций между ними), серия 2 по времени попадает на «Кропоткинская»";;
20240922_063612.jpg;22.09.2024;06:36:12;;;Кропоткинская;1;средняя;"без надёжной привязки; 5 серий между «Фрунзенская» и «Лубянка» выстроены вдоль пути (4 станций между ними), серия 2 по времени попадает на «Кропоткинская»";;
20240922_063744.jpg;22.09.2024;06:37:44;;;Библиотека имени Ленина;1;средняя;"без надёжной привязки; 5 серий между «Фрунзенская» и «Лубянка» выстроены вдоль пути (4 станций между ними), серия 3 по времени попадает на «Библиотека имени Ленина»";;
20240922_063746.jpg;22.09.2024;06:37:46;;;Библиотека имени Ленина;1;средняя;"без надёжной привязки; 5 серий между «Фрунзенская» и «Лубянка» выстроены вдоль пути (4 станций между ними), серия 3 по времени попадает на «Библиотека имени Ленина»";;
20240922_063930.jpg;22.09.2024;06:39:30;;;Охотный ряд;1;средняя;"без надёжной привязки; 5 серий между «Фрунзенская» и «Лубянка» выстроены вдоль пути (4 станций между ними), серия 4 по времени попадает на «Охотный ряд»";;
20240922_064111.jpg;22.09.2024;06:41:11;;;Лубянка;1;средняя;"без надёжной привязки; 5 серий между «Фрунзенская» и «Лубянка» выстроены вдоль пути (4 станций между ними), серия 5 по времени попадает на «Лубянка»";;
20240922_064125.jpg;22.09.2024;06:41:25;;;Лубянка;1;высокая;название станции прочитано на кадре;;
20240922_064142.jpg;22.09.2024;06:41:42;;;Лубянка;1;средняя;"без надёжной привязки; 3 серий между «Лубянка» и «Красные Ворота» выстроены вдоль пути (1 станций между ними), серия 1 по времени попадает на «Лубянка»";;
20240922_064521.jpg;22.09.2024;06:45:21;;;Чистые пруды;1;средняя;"без надёжной привязки; 3 серий между «Лубянка» и «Красные Ворота» выстроены вдоль пути (1 станций между ними), серия 2 по времени попадает на «Чистые пруды»";;
20240922_064532.jpg;22.09.2024;06:45:32;;;Чистые пруды;1;средняя;"без надёжной привязки; 3 серий между «Лубянка» и «Красные Ворота» выстроены вдоль пути (1 станций между ними), серия 2 по времени попадает на «Чистые пруды»";;
20240922_064905.jpg;22.09.2024;06:49:05;;;Красные Ворота;1;средняя;"без надёжной привязки; 3 серий между «Лубянка» и «Красные Ворота» выстроены вдоль пути (1 станций между ними), серия 3 по времени попадает на «Красные Ворота»";;
20240922_064920.jpg;22.09.2024;06:49:20;;;Красные Ворота;1;средняя;станция узнана по виду на кадре (без надписи);;
20240922_065325.jpg;22.09.2024;06:53:25;;;Комсомольская;1/5;высокая;"без надёжной привязки; 3 серий между «Красные Ворота» и «Преображенская площадь» выстроены вдоль пути (3 станций между ними), серия 1 по времени попадает на «Комсомольская»; серий ровно столько, сколько станций";;
20240922_065511.jpg;22.09.2024;06:55:11;;;Красносельская;1;высокая;"без надёжной привязки; 3 серий между «Красные Ворота» и «Преображенская площадь» выстроены вдоль пути (3 станций между ними), серия 2 по времени попадает на «Красносельская»; серий ровно столько, сколько станций";;
20240922_065548.jpg;22.09.2024;06:55:47;;;Красносельская;1;высокая;"без надёжной привязки; 3 серий между «Красные Ворота» и «Преображенская площадь» выстроены вдоль пути (3 станций между ними), серия 2 по времени попадает на «Красносельская»; серий ровно столько, сколько станций";;
20240922_065924.jpg;22.09.2024;06:59:24;;;Сокольники;1/11;высокая;"без надёжной привязки; 3 серий между «Красные Ворота» и «Преображенская площадь» выстроены вдоль пути (3 станций между ними), серия 3 по времени попадает на «Сокольники»; серий ровно столько, сколько станций";;
20240922_070239.jpg;22.09.2024;07:02:39;55,796364;37,714907;Преображенская площадь;1;высокая;свежий GPS в 28 м, согласуется с соседями по времени езды;Преображенская площадь;28
20240922_070242.jpg;22.09.2024;07:02:42;55,796364;37,714907;Преображенская площадь;1;высокая;свежий GPS в 28 м, согласуется с соседями по времени езды;Преображенская площадь;28
20240922_070306.jpg;22.09.2024;07:03:05;55,796410;37,714906;Преображенская площадь;1;высокая;свежий GPS в 28 м, согласуется с соседями по времени езды;Преображенская площадь;28
20240922_070607.jpg;22.09.2024;07:06:07;55,803526;37,745144;Черкизовская;1;высокая;свежий GPS в 40 м, согласуется с соседями по времени езды;Черкизовская;40
20240922_070610.jpg;22.09.2024;07:06:10;55,803526;37,745144;Черкизовская;1;высокая;свежий GPS в 40 м, согласуется с соседями по времени езды;Черкизовская;40
20240922_070839.jpg;22.09.2024;07:08:39;55,814443;37,734947;Бульвар Рокоссовского;1/МЦК;высокая;свежий GPS в 46 м, согласуется с соседями по времени езды;Бульвар Рокоссовского;46
20240922_070844.jpg;22.09.2024;07:08:44;55,814443;37,734947;Бульвар Рокоссовского;1/МЦК;высокая;свежий GPS в 46 м, согласуется с соседями по времени езды;Бульвар Рокоссовского;46
20240922_071227.jpg;22.09.2024;07:12:27;55,803497;37,745132;Черкизовская;1;высокая;свежий GPS в 43 м, согласуется с соседями по времени езды;Черкизовская;43
20240922_073458.jpg;22.09.2024;07:34:58;55,810023;37,798570;Щёлковская;3;высокая;свежий GPS в 76 м, согласуется с соседями по времени езды;Щёлковская;76
20240922_073937.jpg;22.09.2024;07:39:37;55,795264;37,799259;Первомайская;3;высокая;свежий GPS в 60 м, согласуется с соседями по времени езды;Первомайская;60
20240922_074240.jpg;22.09.2024;07:42:40;55,787738;37,781984;Измайловская;3;высокая;свежий GPS в 24 м, согласуется с соседями по времени езды;Измайловская;24
20240922_074608.jpg;22.09.2024;07:46:08;55,788585;37,750959;Партизанская;3;высокая;свежий GPS в 9 м, согласуется с соседями по времени езды;Партизанская;9
20240922_074904.jpg;22.09.2024;07:49:04;55,783966;37,733641;Семёновская;3;средняя;"без надёжной привязки; 1 серий между «Партизанская» и «Семёновская» выстроены вдоль пути (0 станций между ними), серия 1 по времени попадает на «Семёновская»";Семёновская;776
20240922_075131.jpg;22.09.2024;07:51:31;55,783316;37,719669;Семёновская;3;высокая;свежий GPS в 101 м, согласуется с соседями по времени езды;Семёновская;101
20240922_075209.jpg;22.09.2024;07:52:09;55,783324;37,719564;Семёновская;3;высокая;свежий GPS в 107 м, согласуется с соседями по времени езды;Семёновская;107
20240922_075355.jpg;22.09.2024;07:53:56;55,782554;37,723979;Семёновская;3;высокая;свежий GPS в 188 м, согласуется с соседями по времени езды;Семёновская;188
20240922_075423.jpg;22.09.2024;07:54:23;55,782803;37,730080;Семёновская;3;высокая;между двумя надёжными кадрами на «Семёновская»;Семёновская;553
20240922_075616.jpg;22.09.2024;07:56:16;55,782776;37,721099;Семёновская;3;высокая;свежий GPS в 60 м, согласуется с соседями по времени езды;Семёновская;60
20240922_075630.jpg;22.09.2024;07:56:30;55,788220;37,771615;Семёновская;3;средняя;"без надёжной привязки; 2 серий между «Семёновская» и «Бауманская» выстроены вдоль пути (1 станций между ними), серия 1 по времени попадает на «Семёновская»; GPS указывал на «Измайловская» (627 м) — под землёй координата недостоверна";Измайловская;627
20240922_075634.jpg;22.09.2024;07:56:34;55,788220;37,771615;Семёновская;3;средняя;"без надёжной привязки; 2 серий между «Семёновская» и «Бауманская» выстроены вдоль пути (1 станций между ними), серия 1 по времени попадает на «Семёновская»; GPS указывал на «Измайловская» (627 м) — под землёй координата недостоверна";Измайловская;627
20240922_075644.jpg;22.09.2024;07:56:46;55,788220;37,771615;Семёновская;3;средняя;"без надёжной привязки; 2 серий между «Семёновская» и «Бауманская» выстроены вдоль пути (1 станций между ними), серия 1 по времени попадает на «Семёновская»; GPS указывал на «Измайловская» (627 м) — под землёй координата недостоверна";Измайловская;627
20240922_075721.jpg;22.09.2024;07:57:21;55,788220;37,771615;Семёновская;3;средняя;"без надёжной привязки; 2 серий между «Семёновская» и «Бауманская» выстроены вдоль пути (1 станций между ними), серия 1 по времени попадает на «Семёновская»; GPS указывал на «Измайловская» (627 м) — под землёй координата недостоверна";Измайловская;627
20240922_075916.jpg;22.09.2024;07:59:16;55,780986;37,723808;Электрозаводская;11/3;средняя;"без надёжной привязки; 2 серий между «Семёновская» и «Бауманская» выстроены вдоль пути (1 станций между ними), серия 2 по времени попадает на «Электрозаводская»; GPS указывал на «Семёновская» (303 м) — под землёй координата недостоверна";Семёновская;303
20240922_075924.jpg;22.09.2024;07:59:25;55,780986;37,723808;Электрозаводская;11/3;средняя;"без надёжной привязки; 2 серий между «Семёновская» и «Бауманская» выстроены вдоль пути (1 станций между ними), серия 2 по времени попадает на «Электрозаводская»; GPS указывал на «Семёновская» (303 м) — под землёй координата недостоверна";Семёновская;303
20240922_075927.jpg;22.09.2024;07:59:27;55,780986;37,723808;Электрозаводская;11/3;средняя;"без надёжной привязки; 2 серий между «Семёновская» и «Бауманская» выстроены вдоль пути (1 станций между ними), серия 2 по времени попадает на «Электрозаводская»; GPS указывал на «Семёновская» (303 м) — под землёй координата недостоверна";Семёновская;303
20240922_075938.jpg;22.09.2024;07:59:38;55,772740;37,679323;Бауманская;3;высокая;свежий GPS в 84 м, согласуется с соседями по времени езды;Бауманская;84
20240922_075943.jpg;22.09.2024;07:59:43;55,772740;37,679323;Бауманская;3;высокая;свежий GPS в 84 м, согласуется с соседями по времени езды;Бауманская;84
20240922_080238.jpg;22.09.2024;08:02:38;55,765200;37,674844;Курская;3/5;высокая;"без надёжной привязки; 4 серий между «Бауманская» и «Киевская» выстроены вдоль пути (4 станций между ними), серия 1 по времени попадает на «Курская»; серий ровно столько, сколько станций; GPS указывал на «Бауманская» (942 м) — под землёй координата недостоверна";Бауманская;942
20240922_080547.jpg;22.09.2024;08:05:47;55,771722;37,681617;Площадь Революции;3;высокая;"без надёжной привязки; 4 серий между «Бауманская» и «Киевская» выстроены вдоль пути (4 станций между ними), серия 2 по времени попадает на «Площадь Революции»; серий ровно столько, сколько станций; GPS указывал на «Бауманская» (161 м) — под землёй координата недостоверна";Бауманская;161
20240922_080559.jpg;22.09.2024;08:05:59;55,771722;37,681617;Площадь Революции;3;высокая;"без надёжной привязки; 4 серий между «Бауманская» и «Киевская» выстроены вдоль пути (4 станций между ними), серия 2 по времени попадает на «Площадь Революции»; серий ровно столько, сколько станций; GPS указывал на «Бауманская» (161 м) — под землёй координата недостоверна";Бауманская;161
20240922_080801.jpg;22.09.2024;08:08:01;55,754894;37,619652;Арбатская;3/4/4А;высокая;"без надёжной привязки; 4 серий между «Бауманская» и «Киевская» выстроены вдоль пути (4 станций между ними), серия 3 по времени попадает на «Арбатская»; серий ровно столько, сколько станций; GPS указывал на «Площадь Революции» (237 м) — под землёй координата недостоверна";Площадь Революции;237
20240922_081020.jpg;22.09.2024;08:10:20;55,740774;37,530753;Смоленская;3/4/4А;высокая;"без надёжной привязки; 4 серий между «Бауманская» и «Киевская» выстроены вдоль пути (4 станций между ними), серия 4 по времени попадает на «Смоленская»; серий ровно столько, сколько станций; GPS указывал на «Кутузовская» (244 м) — под землёй координата недостоверна";Кутузовская;244
20240922_081023.jpg;22.09.2024;08:10:23;55,740774;37,530753;Смоленская;3/4/4А;высокая;"без надёжной привязки; 4 серий между «Бауманская» и «Киевская» выстроены вдоль пути (4 станций между ними), серия 4 по времени попадает на «Смоленская»; серий ровно столько, сколько станций; GPS указывал на «Кутузовская» (244 м) — под землёй координата недостоверна";Кутузовская;244
20240922_081225.jpg;22.09.2024;08:12:25;55,743759;37,564925;Киевская;3/4/4А/5;высокая;свежий GPS в 46 м, согласуется с соседями по времени езды;Киевская;46
20240922_081227.jpg;22.09.2024;08:12:27;55,743759;37,564925;Киевская;3/4/4А/5;высокая;свежий GPS в 46 м, согласуется с соседями по времени езды;Киевская;46
20240922_081234.jpg;22.09.2024;08:12:34;55,743759;37,564925;Киевская;3/4/4А/5;высокая;свежий GPS в 46 м, согласуется с соседями по времени езды;Киевская;46
20240922_081639.jpg;22.09.2024;08:16:39;55,737224;37,515727;Парк Победы;3/8А;высокая;свежий GPS в 174 м, согласуется с соседями по времени езды;Парк Победы;174
20240922_081649.jpg;22.09.2024;08:16:49;55,737224;37,515727;Парк Победы;3/8А;высокая;свежий GPS в 174 м, согласуется с соседями по времени езды;Парк Победы;174
20240922_081831.jpg;22.09.2024;08:18:31;55,732665;37,487484;Славянский бульвар;3;высокая;"без надёжной привязки; 1 серий между «Парк Победы» и «Кунцевская» выстроены вдоль пути (1 станций между ними), серия 1 по времени попадает на «Славянский бульвар»; серий ровно столько, сколько станций; GPS указывал на «Филёвский парк» (803 м) — под землёй координата недостоверна";Филёвский парк;803
20240922_082040.jpg;22.09.2024;08:20:40;55,732086;37,446979;Кунцевская;11/3/4;высокая;свежий GPS в 167 м, согласуется с соседями по времени езды;Кунцевская;167
20240922_082044.jpg;22.09.2024;08:20:44;55,732086;37,446979;Кунцевская;11/3/4;высокая;свежий GPS в 167 м, согласуется с соседями по времени езды;Кунцевская;167
20240922_082311.jpg;22.09.2024;08:23:11;55,730799;37,446748;Кунцевская;11/3/4;высокая;свежий GPS в 47 м, согласуется с соседями по времени езды;Кунцевская;47
20240922_082313.jpg;22.09.2024;08:23:13;55,730799;37,446748;Кунцевская;11/3/4;высокая;свежий GPS в 47 м, согласуется с соседями по времени езды;Кунцевская;47
20240922_082333.jpg;22.09.2024;08:23:33;55,730799;37,446748;Кунцевская;11/3/4;высокая;свежий GPS в 47 м, согласуется с соседями по времени езды;Кунцевская;47
20240922_082337.jpg;22.09.2024;08:23:37;55,730799;37,446748;Кунцевская;11/3/4;высокая;свежий GPS в 47 м, согласуется с соседями по времени езды;Кунцевская;47
20240922_082340.jpg;22.09.2024;08:23:40;55,730799;37,446748;Кунцевская;11/3/4;высокая;свежий GPS в 47 м, согласуется с соседями по времени езды;Кунцевская;47
20240922_082636.jpg;22.09.2024;08:26:36;55,740453;37,417587;Молодёжная;3;высокая;свежий GPS в 53 м, согласуется с соседями по времени езды;Молодёжная;53
20240922_082913.jpg;22.09.2024;08:29:13;55,756496;37,408067;Крылатское;3;высокая;свежий GPS в 12 м, согласуется с соседями по времени езды;Крылатское;12
20240922_082916.jpg;22.09.2024;08:29:16;55,756496;37,408067;Крылатское;3;высокая;свежий GPS в 12 м, согласуется с соседями по времени езды;Крылатское;12
20240922_083642.jpg;22.09.2024;08:36:42;55,803725;37,402772;Строгино;3;высокая;свежий GPS в 20 м, согласуется с соседями по времени езды;Строгино;20
20240922_083646.jpg;22.09.2024;08:36:46;55,803725;37,402772;Строгино;3;высокая;свежий GPS в 20 м, согласуется с соседями по времени езды;Строгино;20
20240922_084024.jpg;22.09.2024;08:40:24;55,824992;37,385554;Мякинино;3;высокая;свежий GPS в 28 м, согласуется с соседями по времени езды;Мякинино;28
20240922_084049.jpg;22.09.2024;08:40:49;55,824992;37,385554;Мякинино;3;высокая;свежий GPS в 28 м, согласуется с соседями по времени езды;Мякинино;28
20240922_084224.jpg;22.09.2024;08:42:24;55,834798;37,383051;Волоколамская;3;высокая;свежий GPS в 94 м, согласуется с соседями по времени езды;Волоколамская;94
20240922_084227.jpg;22.09.2024;08:42:27;55,834798;37,383051;Волоколамская;3;высокая;свежий GPS в 94 м, согласуется с соседями по времени езды;Волоколамская;94
20240922_084232.jpg;22.09.2024;08:42:32;55,834798;37,383051;Волоколамская;3;высокая;свежий GPS в 94 м, согласуется с соседями по времени езды;Волоколамская;94
20240922_084450.jpg;22.09.2024;08:44:50;55,845698;37,362071;Митино;3;высокая;свежий GPS в 12 м, согласуется с соседями по времени езды;Митино;12
20240922_084455.jpg;22.09.2024;08:44:55;55,845698;37,362071;Митино;3;высокая;свежий GPS в 12 м, согласуется с соседями по времени езды;Митино;12
20240922_084724.jpg;22.09.2024;08:47:24;55,856261;37,354281;Пятницкое шоссе;3;высокая;свежий GPS в 14 м, согласуется с соседями по времени езды;Пятницкое шоссе;14
20240922_084752.jpg;22.09.2024;08:47:52;55,856190;37,354182;Пятницкое шоссе;3;высокая;свежий GPS в 5 м, согласуется с соседями по времени езды;Пятницкое шоссе;5
20240922_084942.jpg;22.09.2024;08:49:42;55,855304;37,353445;Пятницкое шоссе;3;высокая;свежий GPS в 105 м, согласуется с соседями по времени езды;Пятницкое шоссе;105
20240922_091618.jpg;22.09.2024;09:16:18;55,849676;37,439763;Сходненская;7;высокая;свежий GPS в 89 м, согласуется с соседями по времени езды;Сходненская;89
20240922_091648.jpg;22.09.2024;09:16:48;55,850149;37,439699;Сходненская;7;высокая;свежий GPS в 37 м, согласуется с соседями по времени езды;Сходненская;37
20240922_092031.jpg;22.09.2024;09:20:31;55,862886;37,434500;Планерная;7;средняя;"без надёжной привязки; 1 серий между «Сходненская» и «Планерная» выстроены вдоль пути (0 станций между ними), серия 1 по времени попадает на «Планерная»";Планерная;279
20240922_092033.jpg;22.09.2024;09:20:33;55,862886;37,434500;Планерная;7;средняя;станция узнана по виду на кадре (без надписи);Планерная;279
20240922_092620.jpg;22.09.2024;09:26:20;55,826010;37,436873;Тушинская;7;высокая;свежий GPS в 58 м, согласуется с соседями по времени езды;Тушинская;58
20240922_092801.jpg;22.09.2024;09:28:01;55,817829;37,435816;Спартак;7;высокая;свежий GPS в 53 м, согласуется с соседями по времени езды;Спартак;53
20240922_092804.jpg;22.09.2024;09:28:04;55,817829;37,435816;Спартак;7;высокая;свежий GPS в 53 м, согласуется с соседями по времени езды;Спартак;53
20240922_092809.jpg;22.09.2024;09:28:09;55,817829;37,435816;Спартак;7;высокая;свежий GPS в 53 м, согласуется с соседями по времени езды;Спартак;53
20240922_093058.jpg;22.09.2024;09:30:58;55,808432;37,464376;Щукинская;7;высокая;свежий GPS в 21 м, согласуется с соседями по времени езды;Щукинская;21
20240922_093403.jpg;22.09.2024;09:34:03;55,793130;37,494269;Октябрьское Поле;7;высокая;свежий GPS в 39 м, согласуется с соседями по времени езды;Октябрьское Поле;39
20240922_093410.jpg;22.09.2024;09:34:10;55,793130;37,494269;Октябрьское Поле;7;высокая;свежий GPS в 39 м, согласуется с соседями по времени езды;Октябрьское Поле;39
20240922_093714.jpg;22.09.2024;09:37:14;55,777585;37,519898;Полежаевская;7;высокая;свежий GPS в 39 м, согласуется с соседями по времени езды;Полежаевская;39
20240922_093720.jpg;22.09.2024;09:37:21;55,777585;37,519898;Полежаевская;7;высокая;свежий GPS в 39 м, согласуется с соседями по времени езды;Полежаевская;39
20240922_093952.jpg;22.09.2024;09:39:52;55,773727;37,547834;Беговая;7;высокая;свежий GPS в 74 м, согласуется с соседями по времени езды;Беговая;74
20240922_093955.jpg;22.09.2024;09:39:55;55,773727;37,547834;Беговая;7;высокая;свежий GPS в 74 м, согласуется с соседями по времени езды;Беговая;74
20240922_094217.jpg;22.09.2024;09:42:17;55,767404;37,552907;Улица 1905 года;7;высокая;"без надёжной привязки; 1 серий между «Беговая» и «Баррикадная» выстроены вдоль пути (1 станций между ними), серия 1 по времени попадает на «Улица 1905 года»; серий ровно столько, сколько станций";Улица 1905 года;599
20240922_094221.jpg;22.09.2024;09:42:21;55,767404;37,552907;Улица 1905 года;7;высокая;"без надёжной привязки; 1 серий между «Беговая» и «Баррикадная» выстроены вдоль пути (1 станций между ними), серия 1 по времени попадает на «Улица 1905 года»; серий ровно столько, сколько станций";Улица 1905 года;599
20240922_094443.jpg;22.09.2024;09:44:44;55,760838;37,579942;Баррикадная;7;высокая;свежий GPS в 51 м, согласуется с соседями по времени езды;Баррикадная;51
20240922_094712.jpg;22.09.2024;09:47:12;55,737127;37,515624;Пушкинская;7;высокая;"без надёжной привязки; 4 серий между «Баррикадная» и «Пролетарская» выстроены вдоль пути (4 станций между ними), серия 1 по времени попадает на «Пушкинская»; серий ровно столько, сколько станций; GPS указывал на «Парк Победы» (176 м) — под землёй координата недостоверна";Парк Победы;176
20240922_094912.jpg;22.09.2024;09:49:12;55,718424;37,704211;Кузнецкий Мост;7;высокая;"без надёжной привязки; 4 серий между «Баррикадная» и «Пролетарская» выстроены вдоль пути (4 станций между ними), серия 2 по времени попадает на «Кузнецкий Мост»; серий ровно столько, сколько станций; GPS указывал на «Угрешская» (407 м) — под землёй координата недостоверна";Угрешская;407
20240922_095049.jpg;22.09.2024;09:50:49;55,770471;37,629469;Китай-город;6/7;высокая;"без надёжной привязки; 4 серий между «Баррикадная» и «Пролетарская» выстроены вдоль пути (4 станций между ними), серия 3 по времени попадает на «Китай-город»; серий ровно столько, сколько станций; GPS указывал на «Сухаревская» (297 м) — под землёй координата недостоверна";Сухаревская;297
20240922_095334.jpg;22.09.2024;09:53:34;55,770471;37,629469;Таганская;5/7;высокая;"без надёжной привязки; 4 серий между «Баррикадная» и «Пролетарская» выстроены вдоль пути (4 станций между ними), серия 4 по времени попадает на «Таганская»; серий ровно столько, сколько станций; GPS указывал на «Сухаревская» (297 м) — под землёй координата недостоверна";Сухаревская;297
20240922_095342.jpg;22.09.2024;09:53:42;55,770471;37,629469;Таганская;5/7;высокая;"без надёжной привязки; 4 серий между «Баррикадная» и «Пролетарская» выстроены вдоль пути (4 станций между ними), серия 4 по времени попадает на «Таганская»; серий ровно столько, сколько станций; GPS указывал на «Сухаревская» (297 м) — под землёй координата недостоверна";Сухаревская;297
20240922_095352.jpg;22.09.2024;09:53:52;55,770471;37,629469;Таганская;5/7;высокая;"без надёжной привязки; 4 серий между «Баррикадная» и «Пролетарская» выстроены вдоль пути (4 станций между ними), серия 4 по времени попадает на «Таганская»; серий ровно столько, сколько станций; GPS указывал на «Сухаревская» (297 м) — под землёй координата недостоверна";Сухаревская;297
20240922_095609.jpg;22.09.2024;09:56:09;55,731852;37,667065;Пролетарская;7;высокая;свежий GPS в 74 м, согласуется с соседями по времени езды;Пролетарская;74
20240922_095611.jpg;22.09.2024;09:56:11;55,731852;37,667065;Пролетарская;7;высокая;свежий GPS в 74 м, согласуется с соседями по времени езды;Пролетарская;74
20240922_095812.jpg;22.09.2024;09:58:12;55,725263;37,686823;Волгоградский проспект;7;высокая;свежий GPS в 5 м, согласуется с соседями по времени езды;Волгоградский проспект;5
20240922_095815.jpg;22.09.2024;09:58:15;55,725263;37,686823;Волгоградский проспект;7;высокая;свежий GPS в 5 м, согласуется с соседями по времени езды;Волгоградский проспект;5
20240922_100209.jpg;22.09.2024;10:02:09;55,708838;37,732258;Текстильщики;11/7;высокая;свежий GPS в 47 м, согласуется с соседями по времени езды;Текстильщики;47
20240922_100213.jpg;22.09.2024;10:02:13;55,708838;37,732258;Текстильщики;11/7;высокая;свежий GPS в 47 м, согласуется с соседями по времени езды;Текстильщики;47
20240922_100511.jpg;22.09.2024;10:05:11;55,705745;37,764864;Кузьминки;7;высокая;свежий GPS в 60 м, согласуется с соседями по времени езды;Кузьминки;60
20240922_100519.jpg;22.09.2024;10:05:19;55,705745;37,764864;Кузьминки;7;высокая;свежий GPS в 60 м, согласуется с соседями по времени езды;Кузьминки;60
20240922_100814.jpg;22.09.2024;10:08:14;55,717386;37,803099;Рязанский проспект;7;высокая;"без надёжной привязки; 1 серий между «Кузьминки» и «Выхино» выстроены вдоль пути (1 станций между ними), серия 1 по времени попадает на «Рязанский проспект»; серий ровно столько, сколько станций";Рязанский проспект;615
20240922_101113.jpg;22.09.2024;10:11:13;55,715697;37,817839;Выхино;7;высокая;свежий GPS в 8 м, согласуется с соседями по времени езды;Выхино;8
20240922_101123.jpg;22.09.2024;10:11:23;55,715697;37,817839;Выхино;7;высокая;свежий GPS в 8 м, согласуется с соседями по времени езды;Выхино;8
20240922_101128.jpg;22.09.2024;10:11:28;55,715697;37,817839;Выхино;7;высокая;свежий GPS в 8 м, согласуется с соседями по времени езды;Выхино;8
20240922_101511.jpg;22.09.2024;10:15:11;55,701654;37,851879;Лермонтовский проспект;7;высокая;свежий GPS в 7 м, согласуется с соседями по времени езды;Лермонтовский проспект;7
20240922_101516.jpg;22.09.2024;10:15:16;55,701654;37,851879;Лермонтовский проспект;7;высокая;свежий GPS в 7 м, согласуется с соседями по времени езды;Лермонтовский проспект;7
20240922_101518.jpg;22.09.2024;10:15:19;55,701654;37,851879;Лермонтовский проспект;7;высокая;свежий GPS в 7 м, согласуется с соседями по времени езды;Лермонтовский проспект;7
20240922_101525.jpg;22.09.2024;10:15:25;55,701654;37,851879;Лермонтовский проспект;7;высокая;свежий GPS в 7 м, согласуется с соседями по времени езды;Лермонтовский проспект;7
20240922_101817.jpg;22.09.2024;10:18:17;55,684973;37,855742;Жулебино;7;высокая;свежий GPS в 62 м, согласуется с соседями по времени езды;Жулебино;62
20240922_101822.jpg;22.09.2024;10:18:22;55,684973;37,855742;Жулебино;7;высокая;свежий GPS в 62 м, согласуется с соседями по времени езды;Жулебино;62
20240922_102101.jpg;22.09.2024;10:21:01;55,673935;37,859265;Котельники;7;высокая;свежий GPS в 57 м, согласуется с соседями по времени езды;Котельники;57
20240922_102106.jpg;22.09.2024;10:21:06;55,673935;37,859265;Котельники;7;высокая;свежий GPS в 57 м, согласуется с соседями по времени езды;Котельники;57
20240922_103748.jpg;22.09.2024;10:37:48;55,703280;37,927464;Некрасовка;15;высокая;свежий GPS в 62 м, согласуется с соседями по времени езды;Некрасовка;62
20240922_103755.jpg;22.09.2024;10:37:55;55,703280;37,927464;Некрасовка;15;высокая;свежий GPS в 62 м, согласуется с соседями по времени езды;Некрасовка;62
20240922_104213.jpg;22.09.2024;10:42:13;55,708291;37,901517;Лухмановская;15;высокая;свежий GPS в 40 м, согласуется с соседями по времени езды;Лухмановская;40
20240922_104413.jpg;22.09.2024;10:44:13;55,710326;37,878868;Улица Дмитриевского;15;высокая;свежий GPS в 87 м, согласуется с соседями по времени езды;Улица Дмитриевского;87
20240922_104712.jpg;22.09.2024;10:47:12;55,701903;37,885343;Косино;15;высокая;"без надёжной привязки; 2 серий между «Улица Дмитриевского» и «Окская» выстроены вдоль пути (2 станций между ними), серия 1 по времени попадает на «Косино»; серий ровно столько, сколько станций; GPS указывал на «Улица Дмитриевского» (967 м) — под землёй координата недостоверна";Улица Дмитриевского;967
20240922_104738.jpg;22.09.2024;10:47:38;55,705219;37,870557;Косино;15;высокая;"без надёжной привязки; 2 серий между «Улица Дмитриевского» и «Окская» выстроены вдоль пути (2 станций между ними), серия 1 по времени попадает на «Косино»; серий ровно столько, сколько станций; GPS указывал на «Улица Дмитриевского» (812 м) — под землёй координата недостоверна";Улица Дмитриевского;812
20240922_104756.jpg;22.09.2024;10:47:56;55,705219;37,870557;Косино;15;высокая;"без надёжной привязки; 2 серий между «Улица Дмитриевского» и «Окская» выстроены вдоль пути (2 станций между ними), серия 1 по времени попадает на «Косино»; серий ровно столько, сколько станций; GPS указывал на «Улица Дмитриевского» (812 м) — под землёй координата недостоверна";Улица Дмитриевского;812
20240922_104840.jpg;22.09.2024;10:48:40;55,705219;37,870557;Косино;15;высокая;"без надёжной привязки; 2 серий между «Улица Дмитриевского» и «Окская» выстроены вдоль пути (2 станций между ними), серия 1 по времени попадает на «Косино»; серий ровно столько, сколько станций; GPS указывал на «Улица Дмитриевского» (812 м) — под землёй координата недостоверна";Улица Дмитриевского;812
20240922_105354.jpg;22.09.2024;10:53:54;55,702728;37,928753;Юго-Восточная;15;высокая;"без надёжной привязки; 2 серий между «Улица Дмитриевского» и «Окская» выстроены вдоль пути (2 станций между ними), серия 2 по времени попадает на «Юго-Восточная»; серий ровно столько, сколько станций; GPS указывал на «Некрасовка» (40 м) — под землёй координата недостоверна";Некрасовка;40
20240922_105406.jpg;22.09.2024;10:54:06;55,702728;37,928753;Юго-Восточная;15;высокая;"без надёжной привязки; 2 серий между «Улица Дмитриевского» и «Окская» выстроены вдоль пути (2 станций между ними), серия 2 по времени попадает на «Юго-Восточная»; серий ровно столько, сколько станций; GPS указывал на «Некрасовка» (40 м) — под землёй координата недостоверна";Некрасовка;40
20240922_105721.jpg;22.09.2024;10:57:21;55,718455;37,781898;Окская;15;высокая;свежий GPS в 15 м, согласуется с соседями по времени езды;Окская;15
20240922_110000.jpg;22.09.2024;11:00:00;55,727025;37,752935;Стахановская;15;высокая;свежий GPS в 20 м, согласуется с соседями по времени езды;Стахановская;20
20240922_110002.jpg;22.09.2024;11:00:02;55,727025;37,752935;Стахановская;15;высокая;свежий GPS в 20 м, согласуется с соседями по времени езды;Стахановская;20
20240922_110006.jpg;22.09.2024;11:00:06;55,727025;37,752935;Стахановская;15;высокая;свежий GPS в 20 м, согласуется с соседями по времени езды;Стахановская;20
20240922_110241.jpg;22.09.2024;11:02:41;55,731870;37,729939;Нижегородская;11/15/МЦК;высокая;свежий GPS в 7 м, согласуется с соседями по времени езды;Нижегородская;7
20240922_110251.jpg;22.09.2024;11:02:51;55,731870;37,729939;Нижегородская;11/15/МЦК;высокая;свежий GPS в 7 м, согласуется с соседями по времени езды;Нижегородская;7
20240922_110317.jpg;22.09.2024;11:03:17;55,731870;37,729939;Нижегородская;11/15/МЦК;высокая;свежий GPS в 7 м, согласуется с соседями по времени езды;Нижегородская;7
20240922_110351.jpg;22.09.2024;11:03:51;55,731868;37,729850;Нижегородская;11/15/МЦК;высокая;свежий GPS в 11 м, согласуется с соседями по времени езды;Нижегородская;11
20240922_110356.jpg;22.09.2024;11:03:56;55,731868;37,729850;Нижегородская;11/15/МЦК;высокая;свежий GPS в 11 м, согласуется с соседями по времени езды;Нижегородская;11
20240922_110425.jpg;22.09.2024;11:04:25;55,732016;37,729792;Нижегородская;11/15/МЦК;высокая;свежий GPS в 16 м, согласуется с соседями по времени езды;Нижегородская;16
20240922_110428.jpg;22.09.2024;11:04:28;55,732016;37,729792;Нижегородская;11/15/МЦК;высокая;свежий GPS в 16 м, согласуется с соседями по времени езды;Нижегородская;16
20240922_110458.jpg;22.09.2024;11:04:58;55,731917;37,729994;Нижегородская;11/15/МЦК;высокая;свежий GPS в 1 м, согласуется с соседями по времени езды;Нижегородская;1
20240922_110703.jpg;22.09.2024;11:07:03;55,732385;37,730079;Нижегородская;11/15/МЦК;высокая;свежий GPS в 52 м, согласуется с соседями по времени езды;Нижегородская;52
20240922_120152.jpg;22.09.2024;12:01:52;55,749770;37,860548;Новокосино;8;высокая;название станции прочитано на кадре;Новокосино;559
20240922_120247.jpg;22.09.2024;12:02:47;55,749314;37,861084;Новокосино;8;высокая;название станции прочитано на кадре;Новокосино;499
20240922_120939.jpg;22.09.2024;12:09:39;55,745434;37,861928;Новокосино;8;высокая;свежий GPS в 122 м, согласуется с соседями по времени езды;Новокосино;122
20240922_120958.jpg;22.09.2024;12:09:58;55,745460;37,861946;Новокосино;8;высокая;свежий GPS в 122 м, согласуется с соседями по времени езды;Новокосино;122
20240922_121001.jpg;22.09.2024;12:10:01;55,745514;37,861482;Новокосино;8;высокая;свежий GPS в 151 м, согласуется с соседями по времени езды;Новокосино;151
20240922_121134.jpg;22.09.2024;12:11:34;55,744874;37,862606;Новокосино;8;высокая;свежий GPS в 77 м, согласуется с соседями по времени езды;Новокосино;77
20240922_121155.jpg;22.09.2024;12:11:55;55,744864;37,862551;Новокосино;8;высокая;свежий GPS в 80 м, согласуется с соседями по времени езды;Новокосино;80
20240922_122105.jpg;22.09.2024;12:21:05;55,749819;37,838510;Перово;8;высокая;"без надёжной привязки; 2 серий между «Новокосино» и «Шоссе Энтузиастов» выстроены вдоль пути (2 станций между ними), серия 1 по времени попадает на «Перово»; серий ровно столько, сколько станций; GPS указывал на «Новогиреево» (1379 м) — под землёй координата недостоверна";Новогиреево;1379
20240922_122107.jpg;22.09.2024;12:21:07;55,749819;37,838510;Перово;8;высокая;"без надёжной привязки; 2 серий между «Новокосино» и «Шоссе Энтузиастов» выстроены вдоль пути (2 станций между ними), серия 1 по времени попадает на «Перово»; серий ровно столько, сколько станций; GPS указывал на «Новогиреево» (1379 м) — под землёй координата недостоверна";Новогиреево;1379
20240922_122453.jpg;22.09.2024;12:24:53;55,749973;37,834699;Шоссе Энтузиастов;8/МЦК;высокая;"без надёжной привязки; 2 серий между «Новокосино» и «Шоссе Энтузиастов» выстроены вдоль пути (2 станций между ними), серия 2 по времени попадает на «Шоссе Энтузиастов»; серий ровно столько, сколько станций; GPS указывал на «Новогиреево» (1141 м) — под землёй координата недостоверна";Новогиреево;1141
20240922_122537.jpg;22.09.2024;12:25:37;55,749973;37,834699;Шоссе Энтузиастов;8/МЦК;высокая;"без надёжной привязки; 2 серий между «Новокосино» и «Шоссе Энтузиастов» выстроены вдоль пути (2 станций между ними), серия 2 по времени попадает на «Шоссе Энтузиастов»; серий ровно столько, сколько станций; GPS указывал на «Новогиреево» (1141 м) — под землёй координата недостоверна";Новогиреево;1141
20240922_122600.jpg;22.09.2024;12:25:59;55,749973;37,834699;Шоссе Энтузиастов;8/МЦК;высокая;"без надёжной привязки; 2 серий между «Новокосино» и «Шоссе Энтузиастов» выстроены вдоль пути (2 станций между ними), серия 2 по времени попадает на «Шоссе Энтузиастов»; серий ровно столько, сколько станций; GPS указывал на «Новогиреево» (1141 м) — под землёй координата недостоверна";Новогиреево;1141
20240922_123233.jpg;22.09.2024;12:32:33;55,757895;37,750740;Шоссе Энтузиастов;8/МЦК;высокая;свежий GPS в 86 м, согласуется с соседями по времени езды;Шоссе Энтузиастов;86
20240922_123241.jpg;22.09.2024;12:32:41;55,757895;37,750740;Шоссе Энтузиастов;8/МЦК;высокая;свежий GPS в 86 м, согласуется с соседями по времени езды;Шоссе Энтузиастов;86
20240922_123404.jpg;22.09.2024;12:34:04;55,757902;37,750742;Шоссе Энтузиастов;8/МЦК;высокая;свежий GPS в 87 м, согласуется с соседями по времени езды;Шоссе Энтузиастов;87
20240922_123909.jpg;22.09.2024;12:39:09;55,751486;37,761628;Шоссе Энтузиастов;8/МЦК;высокая;между двумя надёжными кадрами на «Шоссе Энтузиастов»;Шоссе Энтузиастов;1017
20240922_123911.jpg;22.09.2024;12:39:11;55,751486;37,761628;Шоссе Энтузиастов;8/МЦК;высокая;между двумя надёжными кадрами на «Шоссе Энтузиастов»;Шоссе Энтузиастов;1017
20240922_124210.jpg;22.09.2024;12:42:10;55,757585;37,751941;Шоссе Энтузиастов;8/МЦК;высокая;свежий GPS в 154 м, согласуется с соседями по времени езды;Шоссе Энтузиастов;154
20240922_124212.jpg;22.09.2024;12:42:12;55,757585;37,751941;Шоссе Энтузиастов;8/МЦК;высокая;свежий GPS в 154 м, согласуется с соседями по времени езды;Шоссе Энтузиастов;154
20240922_124234.jpg;22.09.2024;12:42:34;55,757564;37,751768;Шоссе Энтузиастов;8/МЦК;высокая;свежий GPS в 143 м, согласуется с соседями по времени езды;Шоссе Энтузиастов;143
20240922_124315.jpg;22.09.2024;12:43:14;55,757552;37,751850;Шоссе Энтузиастов;8/МЦК;высокая;свежий GPS в 148 м, согласуется с соседями по времени езды;Шоссе Энтузиастов;148
20240922_124409.jpg;22.09.2024;12:44:09;55,757569;37,751791;Шоссе Энтузиастов;8/МЦК;высокая;свежий GPS в 144 м, согласуется с соседями по времени езды;Шоссе Энтузиастов;144
20240922_124424.jpg;22.09.2024;12:44:24;55,757570;37,751945;Шоссе Энтузиастов;8/МЦК;высокая;свежий GPS в 154 м, согласуется с соседями по времени езды;Шоссе Энтузиастов;154
20240922_124430.jpg;22.09.2024;12:44:30;55,757570;37,751945;Шоссе Энтузиастов;8/МЦК;высокая;свежий GPS в 154 м, согласуется с соседями по времени езды;Шоссе Энтузиастов;154
20240922_124440.jpg;22.09.2024;12:44:39;55,757565;37,751782;Шоссе Энтузиастов;8/МЦК;высокая;свежий GPS в 144 м, согласуется с соседями по времени езды;Шоссе Энтузиастов;144
20240922_124842.jpg;22.09.2024;12:48:42;55,734701;37,716657;Площадь Ильича;8;средняя;"без надёжной привязки; 1 серий между «Шоссе Энтузиастов» и «Марксистская» выстроены вдоль пути (2 станций между ними), серия 1 по времени попадает на «Площадь Ильича»; GPS указывал на «Нижегородская» (890 м) — под землёй координата недостоверна";Нижегородская;890
20240922_124844.jpg;22.09.2024;12:48:44;55,734701;37,716657;Марксистская;8;средняя;"станция узнана по виду на кадре (без надписи); GPS указывал на «Нижегородская» (890 м) — под землёй координата недостоверна";Нижегородская;890
20240922_125115.jpg;22.09.2024;12:51:15;55,756705;37,676963;Третьяковская;6/8;средняя;"без надёжной привязки; 1 серий между «Марксистская» и «Третьяковская» выстроены вдоль пути (0 станций между ними), серия 1 по времени попадает на «Третьяковская»; GPS указывал на «Курская» (1105 м) — под землёй координата недостоверна";Курская;1105
20240922_125121.jpg;22.09.2024;12:51:21;55,756705;37,676963;Третьяковская;6/8;средняя;"станция узнана по виду на кадре (без надписи); GPS указывал на «Курская» (1105 м) — под землёй координата недостоверна";Курская;1105
20240922_130911.jpg;22.09.2024;13:09:11;55,739400;37,547671;Студенческая;4;высокая;свежий GPS в 78 м, согласуется с соседями по времени езды;Студенческая;78
20240922_131342.jpg;22.09.2024;13:13:42;55,742150;37,562137;Студенческая;4;высокая;"между двумя надёжными кадрами на «Студенческая»; GPS указывал на «Киевская» (278 м) — под землёй координата недостоверна";Киевская;278
20240922_131439.jpg;22.09.2024;13:14:39;55,738847;37,548354;Студенческая;4;высокая;свежий GPS в 4 м, согласуется с соседями по времени езды;Студенческая;4
20240922_131803.jpg;22.09.2024;13:18:04;55,738711;37,549665;Студенческая;4;высокая;свежий GPS в 80 м, согласуется с соседями по времени езды;Студенческая;80
20240922_131808.jpg;22.09.2024;13:18:08;55,738711;37,549665;Студенческая;4;высокая;свежий GPS в 80 м, согласуется с соседями по времени езды;Студенческая;80
20240922_132028.jpg;22.09.2024;13:20:28;55,748831;37,582651;Смоленская;3/4/4А;высокая;свежий GPS в 168 м, согласуется с соседями по времени езды;Смоленская;168
20240922_132032.jpg;22.09.2024;13:20:32;55,748831;37,582651;Смоленская;3/4/4А;высокая;свежий GPS в 168 м, согласуется с соседями по времени езды;Смоленская;168
20240922_132307.jpg;22.09.2024;13:23:07;55,742387;37,539884;Киевская;3/4/4А/5;средняя;"без надёжной привязки; 1 серий между «Смоленская» и «Киевская» выстроены вдоль пути (0 станций между ними), серия 1 по времени попадает на «Киевская»; GPS указывал на «Кутузовская» (435 м) — под землёй координата недостоверна";Кутузовская;435
20240922_132314.jpg;22.09.2024;13:23:14;55,742387;37,539884;Киевская;3/4/4А/5;средняя;"станция узнана по виду на кадре (без надписи); GPS указывал на «Кутузовская» (435 м) — под землёй координата недостоверна";Кутузовская;435
20240922_133102.jpg;22.09.2024;13:31:02;55,750036;37,542016;Деловой центр;17/4А/8А/МЦК;высокая;свежий GPS в 41 м, согласуется с соседями по времени езды;Деловой центр;41
20240922_133105.jpg;22.09.2024;13:31:05;55,750036;37,542016;Деловой центр;17/4А/8А/МЦК;высокая;свежий GPS в 41 м, согласуется с соседями по времени езды;Деловой центр;41
20240922_133257.jpg;22.09.2024;13:32:57;55,748406;37,533755;Москва-Сити;4А;высокая;свежий GPS в 32 м, согласуется с соседями по времени езды;Москва-Сити;32
20240922_133310.jpg;22.09.2024;13:33:10;55,748388;37,533454;Москва-Сити;4А;высокая;свежий GPS в 49 м, согласуется с соседями по времени езды;Москва-Сити;49
20240922_133314.jpg;22.09.2024;13:33:14;55,748388;37,533454;Москва-Сити;4А;высокая;свежий GPS в 49 м, согласуется с соседями по времени езды;Москва-Сити;49
20240922_133338.jpg;22.09.2024;13:33:38;55,748340;37,533153;Москва-Сити;4А;высокая;свежий GPS в 68 м, согласуется с соседями по времени езды;Москва-Сити;68
20240922_133628.jpg;22.09.2024;13:36:28;55,748343;37,533077;Москва-Сити;4А;высокая;свежий GPS в 72 м, согласуется с соседями по времени езды;Москва-Сити;72
20240922_134908.jpg;22.09.2024;13:49:08;55,749633;37,541175;Деловой центр;17/4А/8А/МЦК;высокая;свежий GPS в 52 м, согласуется с соседями по времени езды;Деловой центр;52
20240922_134910.jpg;22.09.2024;13:49:10;55,749633;37,541175;Деловой центр;17/4А/8А/МЦК;высокая;свежий GPS в 52 м, согласуется с соседями по времени езды;Деловой центр;52
20240922_134913.jpg;22.09.2024;13:49:13;55,749633;37,541175;Деловой центр;17/4А/8А/МЦК;высокая;свежий GPS в 52 м, согласуется с соседями по времени езды;Деловой центр;52
20240922_135344.jpg;22.09.2024;13:53:44;55,737121;37,515625;Парк Победы;3/8А;высокая;свежий GPS в 175 м, согласуется с соседями по времени езды;Парк Победы;175
20240922_135707.jpg;22.09.2024;13:57:07;55,722257;37,496163;Минская;8А;высокая;"без надёжной привязки; 1 серий между «Парк Победы» и «Ломоносовский проспект» выстроены вдоль пути (1 станций между ними), серия 1 по времени попадает на «Минская»; серий ровно столько, сколько станций";Минская;285
20240922_135709.jpg;22.09.2024;13:57:09;55,722257;37,496163;Минская;8А;высокая;"без надёжной привязки; 1 серий между «Парк Победы» и «Ломоносовский проспект» выстроены вдоль пути (1 станций между ними), серия 1 по времени попадает на «Минская»; серий ровно столько, сколько станций";Минская;285
20240922_140102.jpg;22.09.2024;14:01:02;55,707113;37,515842;Ломоносовский проспект;8А;высокая;свежий GPS в 25 м, согласуется с соседями по времени езды;Ломоносовский проспект;25
20240922_140105.jpg;22.09.2024;14:01:05;55,707113;37,515842;Ломоносовский проспект;8А;высокая;свежий GPS в 25 м, согласуется с соседями по времени езды;Ломоносовский проспект;25
20240922_140323.jpg;22.09.2024;14:03:23;55,697516;37,498419;Раменки;8А;высокая;свежий GPS в 9 м, согласуется с соседями по времени езды;Раменки;9
20240922_140607.jpg;22.09.2024;14:06:07;55,697428;37,498516;Раменки;8А;высокая;свежий GPS в 15 м, согласуется с соседями по времени езды;Раменки;15
20240922_140617.jpg;22.09.2024;14:06:17;55,697428;37,498516;Раменки;8А;высокая;свежий GPS в 15 м, согласуется с соседями по времени езды;Раменки;15
20240922_140948.jpg;22.09.2024;14:09:48;55,670721;37,449418;Озёрная;8А;высокая;свежий GPS в 49 м, согласуется с соседями по времени езды;Озёрная;49
20240922_140950.jpg;22.09.2024;14:09:50;55,670721;37,449418;Озёрная;8А;высокая;свежий GPS в 49 м, согласуется с соседями по времени езды;Озёрная;49
20240922_141255.jpg;22.09.2024;14:12:55;55,659481;37,417618;Говорово;8А;высокая;свежий GPS в 25 м, согласуется с соседями по времени езды;Говорово;25
20240922_141257.jpg;22.09.2024;14:12:57;55,659481;37,417618;Говорово;8А;высокая;свежий GPS в 25 м, согласуется с соседями по времени езды;Говорово;25
20240922_141537.jpg;22.09.2024;14:15:37;55,650387;37,391878;Солнцево;8А;высокая;свежий GPS в 103 м, согласуется с соседями по времени езды;Солнцево;103
20240922_141539.jpg;22.09.2024;14:15:39;55,650387;37,391878;Солнцево;8А;высокая;свежий GPS в 103 м, согласуется с соседями по времени езды;Солнцево;103
20240922_141552.jpg;22.09.2024;14:15:52;55,650365;37,391933;Солнцево;8А;высокая;свежий GPS в 103 м, согласуется с соседями по времени езды;Солнцево;103
20240922_141836.jpg;22.09.2024;14:18:36;55,647715;37,370033;Боровское шоссе;8А;высокая;свежий GPS в 25 м, согласуется с соседями по времени езды;Боровское шоссе;25
20240922_141838.jpg;22.09.2024;14:18:38;55,647715;37,370033;Боровское шоссе;8А;высокая;свежий GPS в 25 м, согласуется с соседями по времени езды;Боровское шоссе;25
20240922_142041.jpg;22.09.2024;14:20:41;55,639969;37,355920;Новопеределкино;8А;высокая;свежий GPS в 64 м, согласуется с соседями по времени езды;Новопеределкино;64
20240922_142052.jpg;22.09.2024;14:20:52;55,639961;37,355914;Новопеределкино;8А;высокая;свежий GPS в 63 м, согласуется с соседями по времени езды;Новопеределкино;63
20240922_142311.jpg;22.09.2024;14:23:11;55,634209;37,335807;Рассказовка;8А;высокая;свежий GPS в 49 м, согласуется с соседями по времени езды;Рассказовка;49
20240922_142317.jpg;22.09.2024;14:23:17;55,634209;37,335807;Рассказовка;8А;высокая;свежий GPS в 49 м, согласуется с соседями по времени езды;Рассказовка;49
20240922_142648.jpg;22.09.2024;14:26:48;55,624976;37,297571;Пыхтино;8А;высокая;свежий GPS в 131 м, согласуется с соседями по времени езды;Пыхтино;131
20240922_142701.jpg;22.09.2024;14:27:01;55,624976;37,297571;Пыхтино;8А;высокая;свежий GPS в 131 м, согласуется с соседями по времени езды;Пыхтино;131
20240922_142720.jpg;22.09.2024;14:27:20;55,624977;37,297594;Пыхтино;8А;высокая;свежий GPS в 132 м, согласуется с соседями по времени езды;Пыхтино;132
20240922_142722.jpg;22.09.2024;14:27:22;55,624977;37,297594;Пыхтино;8А;высокая;свежий GPS в 132 м, согласуется с соседями по времени езды;Пыхтино;132
20240922_142732.jpg;22.09.2024;14:27:32;55,624979;37,297562;Пыхтино;8А;высокая;свежий GPS в 130 м, согласуется с соседями по времени езды;Пыхтино;130
20240922_142739.jpg;22.09.2024;14:27:39;55,624979;37,297562;Пыхтино;8А;высокая;свежий GPS в 130 м, согласуется с соседями по времени езды;Пыхтино;130
20240922_142741.jpg;22.09.2024;14:27:41;55,624979;37,297562;Пыхтино;8А;высокая;свежий GPS в 130 м, согласуется с соседями по времени езды;Пыхтино;130
20240922_142744.jpg;22.09.2024;14:27:44;55,624979;37,297562;Пыхтино;8А;высокая;свежий GPS в 130 м, согласуется с соседями по времени езды;Пыхтино;130
20240922_142749.jpg;22.09.2024;14:27:49;55,624979;37,297562;Пыхтино;8А;высокая;свежий GPS в 130 м, согласуется с соседями по времени езды;Пыхтино;130
20240922_142802.jpg;22.09.2024;14:28:01;55,624979;37,297562;Пыхтино;8А;высокая;свежий GPS в 130 м, согласуется с соседями по времени езды;Пыхтино;130
20240922_142822.jpg;22.09.2024;14:28:22;55,624983;37,297604;Пыхтино;8А;высокая;свежий GPS в 133 м, согласуется с соседями по времени езды;Пыхтино;133
20240922_142911.jpg;22.09.2024;14:29:11;55,623002;37,295418;Пыхтино;8А;высокая;свежий GPS в 168 м, согласуется с соседями по времени езды;Пыхтино;168
20240922_142920.jpg;22.09.2024;14:29:20;55,623002;37,295418;Пыхтино;8А;высокая;свежий GPS в 168 м, согласуется с соседями по времени езды;Пыхтино;168
20240922_142935.jpg;22.09.2024;14:29:35;55,624920;37,302563;Пыхтино;8А;средняя;"без надёжной привязки; 2 серий между «Пыхтино» и «Мичуринский проспект» выстроены вдоль пути (6 станций между ними), серия 1 по времени попадает на «Пыхтино»";Пыхтино;435
20240922_142939.jpg;22.09.2024;14:29:39;55,624920;37,302563;Пыхтино;8А;средняя;"без надёжной привязки; 2 серий между «Пыхтино» и «Мичуринский проспект» выстроены вдоль пути (6 станций между ними), серия 1 по времени попадает на «Пыхтино»";Пыхтино;435
20240922_143629.jpg;22.09.2024;14:36:29;55,607994;37,290938;Новопеределкино;8А;средняя;"без надёжной привязки; 2 серий между «Пыхтино» и «Мичуринский проспект» выстроены вдоль пути (6 станций между ними), серия 2 по времени попадает на «Новопеределкино»; GPS указывал на «Аэропорт Внуково» (242 м) — под землёй координата недостоверна";Аэропорт Внуково;242
20240922_143639.jpg;22.09.2024;14:36:39;55,607994;37,290938;Новопеределкино;8А;средняя;"без надёжной привязки; 2 серий между «Пыхтино» и «Мичуринский проспект» выстроены вдоль пути (6 станций между ними), серия 2 по времени попадает на «Новопеределкино»; GPS указывал на «Аэропорт Внуково» (242 м) — под землёй координата недостоверна";Аэропорт Внуково;242
20240922_151349.jpg;22.09.2024;15:13:49;55,692885;37,489723;Мичуринский проспект;11/8А;высокая;название станции прочитано на кадре;Мичуринский проспект;585
20240922_151555.jpg;22.09.2024;15:15:55;55,689769;37,483840;Мичуринский проспект;11/8А;высокая;свежий GPS в 79 м, согласуется с соседями по времени езды;Мичуринский проспект;79
20240922_151601.jpg;22.09.2024;15:16:01;55,689769;37,483840;Мичуринский проспект;11/8А;высокая;свежий GPS в 79 м, согласуется с соседями по времени езды;Мичуринский проспект;79
20240922_151607.jpg;22.09.2024;15:16:07;55,689769;37,483840;Мичуринский проспект;11/8А;высокая;свежий GPS в 79 м, согласуется с соседями по времени езды;Мичуринский проспект;79
20240922_151613.jpg;22.09.2024;15:16:13;55,689769;37,483840;Мичуринский проспект;11/8А;высокая;свежий GPS в 79 м, согласуется с соседями по времени езды;Мичуринский проспект;79
20240922_151620.jpg;22.09.2024;15:16:20;55,689769;37,483840;Мичуринский проспект;11/8А;высокая;свежий GPS в 79 м, согласуется с соседями по времени езды;Мичуринский проспект;79
20240922_151627.jpg;22.09.2024;15:16:27;55,689769;37,483840;Мичуринский проспект;11/8А;высокая;свежий GPS в 79 м, согласуется с соседями по времени езды;Мичуринский проспект;79
20240922_151941.jpg;22.09.2024;15:19:41;55,696741;37,465312;Аминьевская;11;высокая;свежий GPS в 53 м, согласуется с соседями по времени езды;Аминьевская;53
20240922_151946.jpg;22.09.2024;15:19:46;55,696741;37,465312;Аминьевская;11;высокая;свежий GPS в 53 м, согласуется с соседями по времени езды;Аминьевская;53
20240922_152247.jpg;22.09.2024;15:22:47;55,716905;37,454261;Давыдково;11;средняя;"без надёжной привязки; 2 серий между «Аминьевская» и «Кунцевская» выстроены вдоль пути (1 станций между ними), серия 1 по времени попадает на «Давыдково»";Давыдково;251
20240922_152250.jpg;22.09.2024;15:22:51;55,716905;37,454261;Давыдково;11;средняя;"без надёжной привязки; 2 серий между «Аминьевская» и «Кунцевская» выстроены вдоль пути (1 станций между ними), серия 1 по времени попадает на «Давыдково»";Давыдково;251
20240922_152547.jpg;22.09.2024;15:25:47;55,727853;37,444046;Кунцевская;11/3/4;средняя;"без надёжной привязки; 2 серий между «Аминьевская» и «Кунцевская» выстроены вдоль пути (1 станций между ними), серия 2 по времени попадает на «Кунцевская»";Кунцевская;338
20240922_152554.jpg;22.09.2024;15:25:55;55,727853;37,444046;Кунцевская;11/3/4;высокая;название станции прочитано на кадре;Кунцевская;338
20240922_152918.jpg;22.09.2024;15:29:18;55,730760;37,445268;Кунцевская;11/3/4;высокая;свежий GPS в 48 м, согласуется с соседями по времени езды;Кунцевская;48
20240922_152921.jpg;22.09.2024;15:29:21;55,730663;37,445461;Кунцевская;11/3/4;высокая;свежий GPS в 35 м, согласуется с соседями по времени езды;Кунцевская;35
20240922_153240.jpg;22.09.2024;15:32:40;55,735829;37,466463;Пионерская;4;высокая;свежий GPS в 46 м, согласуется с соседями по времени езды;Пионерская;46
20240922_153300.jpg;22.09.2024;15:33:00;55,735834;37,466565;Пионерская;4;высокая;свежий GPS в 40 м, согласуется с соседями по времени езды;Пионерская;40
20240922_153434.jpg;22.09.2024;15:34:34;55,739184;37,483163;Филёвский парк;4;высокая;свежий GPS в 38 м, согласуется с соседями по времени езды;Филёвский парк;38
20240922_153444.jpg;22.09.2024;15:34:44;55,739252;37,483174;Филёвский парк;4;высокая;свежий GPS в 31 м, согласуется с соседями по времени езды;Филёвский парк;31
20240922_153627.jpg;22.09.2024;15:36:27;55,743612;37,496646;Багратионовская;4;высокая;свежий GPS в 70 м, согласуется с соседями по времени езды;Багратионовская;70
20240922_153632.jpg;22.09.2024;15:36:33;55,743612;37,496646;Багратионовская;4;высокая;свежий GPS в 70 м, согласуется с соседями по времени езды;Багратионовская;70
20240922_153644.jpg;22.09.2024;15:36:44;55,743585;37,497107;Багратионовская;4;высокая;свежий GPS в 43 м, согласуется с соседями по времени езды;Багратионовская;43
20240922_153920.jpg;22.09.2024;15:39:20;55,746125;37,514553;Фили;4;высокая;свежий GPS в 17 м, согласуется с соседями по времени езды;Фили;17
20240922_153923.jpg;22.09.2024;15:39:23;55,746125;37,514553;Фили;4;высокая;свежий GPS в 17 м, согласуется с соседями по времени езды;Фили;17
20240922_153930.jpg;22.09.2024;15:39:30;55,746125;37,514553;Фили;4;высокая;свежий GPS в 17 м, согласуется с соседями по времени езды;Фили;17
20240922_154316.jpg;22.09.2024;15:43:16;55,739513;37,534802;Кутузовская;4/МЦК;высокая;свежий GPS в 59 м, согласуется с соседями по времени езды;Кутузовская;59
20240922_154321.jpg;22.09.2024;15:43:21;55,739513;37,534802;Кутузовская;4/МЦК;высокая;свежий GPS в 59 м, согласуется с соседями по времени езды;Кутузовская;59
20240922_154329.jpg;22.09.2024;15:43:29;55,739513;37,534802;Кутузовская;4/МЦК;высокая;свежий GPS в 59 м, согласуется с соседями по времени езды;Кутузовская;59
20240922_154525.jpg;22.09.2024;15:45:25;55,738838;37,547850;Студенческая;4;высокая;свежий GPS в 35 м, согласуется с соседями по времени езды;Студенческая;35
20240922_154529.jpg;22.09.2024;15:45:29;55,738838;37,547850;Студенческая;4;высокая;свежий GPS в 35 м, согласуется с соседями по времени езды;Студенческая;35
20240922_154753.jpg;22.09.2024;15:47:53;55,742569;37,539376;Киевская;3/4/4А/5;средняя;"без надёжной привязки; 1 серий между «Студенческая» и «Киевская» выстроены вдоль пути (0 станций между ними), серия 1 по времени попадает на «Киевская»; GPS указывал на «Кутузовская» (424 м) — под землёй координата недостоверна";Кутузовская;424
20240922_154802(1).jpg;22.09.2024;15:48:02;55,742569;37,539376;Киевская;3/4/4А/5;средняя;"станция узнана по виду на кадре (без надписи); GPS указывал на «Кутузовская» (424 м) — под землёй координата недостоверна";Кутузовская;424
20240922_155145(1).jpg;22.09.2024;15:51:45;55,743582;37,565585;Киевская;3/4/4А/5;высокая;свежий GPS в 12 м, согласуется с соседями по времени езды;Киевская;12
20240922_155152(1).jpg;22.09.2024;15:51:52;55,743582;37,565585;Киевская;3/4/4А/5;высокая;свежий GPS в 12 м, согласуется с соседями по времени езды;Киевская;12
20240922_155156(1).jpg;22.09.2024;15:51:56;55,743582;37,565585;Киевская;3/4/4А/5;высокая;свежий GPS в 12 м, согласуется с соседями по времени езды;Киевская;12
20240922_160227(1).jpg;22.09.2024;16:02:27;55,760476;37,577241;Краснопресненская;5;высокая;свежий GPS в 79 м, согласуется с соседями по времени езды;Краснопресненская;79
20240922_160237(1).jpg;22.09.2024;16:02:37;55,760476;37,577241;Краснопресненская;5;высокая;свежий GPS в 79 м, согласуется с соседями по времени езды;Краснопресненская;79
20240922_160254(1).jpg;22.09.2024;16:02:54;55,760476;37,577241;Краснопресненская;5;высокая;свежий GPS в 79 м, согласуется с соседями по времени езды;Краснопресненская;79
20240922_160529(1).jpg;22.09.2024;16:05:29;55,776007;37,583345;Белорусская;2/5;высокая;свежий GPS в 79 м, согласуется с соседями по времени езды;Белорусская;79
20240922_160532(1).jpg;22.09.2024;16:05:32;55,776007;37,583345;Белорусская;2/5;высокая;свежий GPS в 79 м, согласуется с соседями по времени езды;Белорусская;79
20240922_160800(1).jpg;22.09.2024;16:08:00;55,779688;37,601786;Новослободская;5;высокая;свежий GPS в 107 м, согласуется с соседями по времени езды;Новослободская;107
20240922_160802(1).jpg;22.09.2024;16:08:02;55,779688;37,601786;Новослободская;5;высокая;свежий GPS в 107 м, согласуется с соседями по времени езды;Новослободская;107
20240922_160808(1).jpg;22.09.2024;16:08:08;55,779688;37,601786;Новослободская;5;высокая;свежий GPS в 107 м, согласуется с соседями по времени езды;Новослободская;107
20240922_160812(1).jpg;22.09.2024;16:08:12;55,779688;37,601786;Новослободская;5;высокая;свежий GPS в 107 м, согласуется с соседями по времени езды;Новослободская;107
20240922_160827(1).jpg;22.09.2024;16:08:27;55,779674;37,601707;Новослободская;5;высокая;свежий GPS в 112 м, согласуется с соседями по времени езды;Новослободская;112
20240922_160832(1).jpg;22.09.2024;16:08:32;55,779674;37,601707;Новослободская;5;высокая;свежий GPS в 112 м, согласуется с соседями по времени езды;Новослободская;112
20240922_161226(1).jpg;22.09.2024;16:12:26;55,779634;37,633279;Проспект Мира;5/6;высокая;свежий GPS в 158 м, согласуется с соседями по времени езды;Проспект Мира;158
20240922_161229(1).jpg;22.09.2024;16:12:29;55,779634;37,633279;Проспект Мира;5/6;высокая;свежий GPS в 158 м, согласуется с соседями по времени езды;Проспект Мира;158
20240922_161237(1).jpg;22.09.2024;16:12:37;55,779634;37,633279;Проспект Мира;5/6;высокая;свежий GPS в 158 м, согласуется с соседями по времени езды;Проспект Мира;158
20240922_161254(1).jpg;22.09.2024;16:12:54;55,779748;37,633485;Проспект Мира;5/6;высокая;свежий GPS в 155 м, согласуется с соседями по времени езды;Проспект Мира;155
20240922_161303(1).jpg;22.09.2024;16:13:02;55,779748;37,633485;Проспект Мира;5/6;высокая;свежий GPS в 155 м, согласуется с соседями по времени езды;Проспект Мира;155
20240922_161732(1).jpg;22.09.2024;16:17:32;55,775844;37,655371;Комсомольская;1/5;высокая;свежий GPS в 82 м, согласуется с соседями по времени езды;Комсомольская;82
20240922_161734(1).jpg;22.09.2024;16:17:34;55,775844;37,655371;Комсомольская;1/5;высокая;свежий GPS в 82 м, согласуется с соседями по времени езды;Комсомольская;82
20240922_161737(1).jpg;22.09.2024;16:17:37;55,775844;37,655371;Комсомольская;1/5;высокая;свежий GPS в 82 м, согласуется с соседями по времени езды;Комсомольская;82
20240922_162044(1).jpg;22.09.2024;16:20:44;55,775829;37,655228;Комсомольская;1/5;высокая;свежий GPS в 85 м, согласуется с соседями по времени езды;Комсомольская;85
20240922_162047(1).jpg;22.09.2024;16:20:47;55,775829;37,655228;Комсомольская;1/5;высокая;свежий GPS в 85 м, согласуется с соседями по времени езды;Комсомольская;85
20240922_162055(1).jpg;22.09.2024;16:20:55;55,775829;37,655228;Комсомольская;1/5;высокая;свежий GPS в 85 м, согласуется с соседями по времени езды;Комсомольская;85
20240922_162336(1).jpg;22.09.2024;16:23:37;55,775827;37,655231;Комсомольская;1/5;высокая;свежий GPS в 85 м, согласуется с соседями по времени езды;Комсомольская;85
20240922_162338(1).jpg;22.09.2024;16:23:38;55,775827;37,655231;Комсомольская;1/5;высокая;свежий GPS в 85 м, согласуется с соседями по времени езды;Комсомольская;85
20240922_162348(1).jpg;22.09.2024;16:23:48;55,775827;37,655231;Комсомольская;1/5;высокая;свежий GPS в 85 м, согласуется с соседями по времени езды;Комсомольская;85
20240922_162548(1).jpg;22.09.2024;16:25:48;55,775389;37,654945;Комсомольская;1/5;высокая;свежий GPS в 71 м, согласуется с соседями по времени езды;Комсомольская;71
20240922_162552(1).jpg;22.09.2024;16:25:53;55,775389;37,654945;Комсомольская;1/5;высокая;свежий GPS в 71 м, согласуется с соседями по времени езды;Комсомольская;71
20240922_162559(1).jpg;22.09.2024;16:26:00;55,775389;37,654945;Комсомольская;1/5;высокая;свежий GPS в 71 м, согласуется с соседями по времени езды;Комсомольская;71
20240922_162617(1).jpg;22.09.2024;16:26:17;55,775389;37,654945;Комсомольская;1/5;высокая;свежий GPS в 71 м, согласуется с соседями по времени езды;Комсомольская;71
20240922_162622(1).jpg;22.09.2024;16:26:22;55,775389;37,654945;Комсомольская;1/5;высокая;свежий GPS в 71 м, согласуется с соседями по времени езды;Комсомольская;71
20240922_163008(1).jpg;22.09.2024;16:30:08;55,710010;37,622348;Курская;3/5;средняя;"без надёжной привязки; 4 серий между «Комсомольская» и «Шаболовская» выстроены вдоль пути (5 станций между ними), серия 1 по времени попадает на «Курская»; GPS указывал на «Тульская» (152 м) — под землёй координата недостоверна";Тульская;152
20240922_163012(1).jpg;22.09.2024;16:30:12;55,710010;37,622348;Курская;3/5;средняя;"без надёжной привязки; 4 серий между «Комсомольская» и «Шаболовская» выстроены вдоль пути (5 станций между ними), серия 1 по времени попадает на «Курская»; GPS указывал на «Тульская» (152 м) — под землёй координата недостоверна";Тульская;152
20240922_163413(1).jpg;22.09.2024;16:34:13;55,741682;37,570261;Павелецкая;2/5;средняя;"без надёжной привязки; 4 серий между «Комсомольская» и «Шаболовская» выстроены вдоль пути (5 станций между ними), серия 2 по времени попадает на «Павелецкая»; GPS указывал на «Киевская» (365 м) — под землёй координата недостоверна";Киевская;365
20240922_163421(1).jpg;22.09.2024;16:34:21;55,741682;37,570261;Павелецкая;2/5;средняя;"без надёжной привязки; 4 серий между «Комсомольская» и «Шаболовская» выстроены вдоль пути (5 станций между ними), серия 2 по времени попадает на «Павелецкая»; GPS указывал на «Киевская» (365 м) — под землёй координата недостоверна";Киевская;365
20240922_163432(1).jpg;22.09.2024;16:34:32;55,741682;37,570261;Павелецкая;2/5;средняя;"без надёжной привязки; 4 серий между «Комсомольская» и «Шаболовская» выстроены вдоль пути (5 станций между ними), серия 2 по времени попадает на «Павелецкая»; GPS указывал на «Киевская» (365 м) — под землёй координата недостоверна";Киевская;365
20240922_163441(1).jpg;22.09.2024;16:34:41;55,741682;37,570261;Павелецкая;2/5;средняя;"без надёжной привязки; 4 серий между «Комсомольская» и «Шаболовская» выстроены вдоль пути (5 станций между ними), серия 2 по времени попадает на «Павелецкая»; GPS указывал на «Киевская» (365 м) — под землёй координата недостоверна";Киевская;365
20240922_163444(1).jpg;22.09.2024;16:34:44;55,741682;37,570261;Павелецкая;2/5;средняя;"без надёжной привязки; 4 серий между «Комсомольская» и «Шаболовская» выстроены вдоль пути (5 станций между ними), серия 2 по времени попадает на «Павелецкая»; GPS указывал на «Киевская» (365 м) — под землёй координата недостоверна";Киевская;365
20240922_163507(1).jpg;22.09.2024;16:35:06;55,735656;37,592333;Павелецкая;2/5;средняя;"без надёжной привязки; 4 серий между «Комсомольская» и «Шаболовская» выстроены вдоль пути (5 станций между ними), серия 2 по времени попадает на «Павелецкая»; GPS указывал на «Парк Культуры» (67 м) — под землёй координата недостоверна";Парк Культуры;67
20240922_163832(1).jpg;22.09.2024;16:38:32;55,773819;37,658137;Добрынинская;5;средняя;"без надёжной привязки; 4 серий между «Комсомольская» и «Шаболовская» выстроены вдоль пути (5 станций между ними), серия 3 по времени попадает на «Добрынинская»; GPS указывал на «Комсомольская» (203 м) — под землёй координата недостоверна";Комсомольская;203
20240922_163834(1).jpg;22.09.2024;16:38:34;55,773819;37,658137;Добрынинская;5;средняя;"без надёжной привязки; 4 серий между «Комсомольская» и «Шаболовская» выстроены вдоль пути (5 станций между ними), серия 3 по времени попадает на «Добрынинская»; GPS указывал на «Комсомольская» (203 м) — под землёй координата недостоверна";Комсомольская;203
20240922_163950(1).jpg;22.09.2024;16:39:50;55,688106;37,573553;Октябрьская;5/6;средняя;"без надёжной привязки; 4 серий между «Комсомольская» и «Шаболовская» выстроены вдоль пути (5 станций между ними), серия 4 по времени попадает на «Октябрьская»; GPS указывал на «Академическая» (33 м) — под землёй координата недостоверна";Академическая;33
20240922_164001(1).jpg;22.09.2024;16:40:01;55,688053;37,574050;Октябрьская;5/6;средняя;"без надёжной привязки; 4 серий между «Комсомольская» и «Шаболовская» выстроены вдоль пути (5 станций между ними), серия 4 по времени попадает на «Октябрьская»; GPS указывал на «Академическая» (43 м) — под землёй координата недостоверна";Академическая;43
20240922_164015(1).jpg;22.09.2024;16:40:15;55,688038;37,574194;Октябрьская;5/6;средняя;"без надёжной привязки; 4 серий между «Комсомольская» и «Шаболовская» выстроены вдоль пути (5 станций между ними), серия 4 по времени попадает на «Октябрьская»; GPS указывал на «Академическая» (50 м) — под землёй координата недостоверна";Академическая;50
20240922_164313(1).jpg;22.09.2024;16:43:13;55,719348;37,608047;Шаболовская;6;высокая;свежий GPS в 74 м, согласуется с соседями по времени езды;Шаболовская;74
20240922_164345(1).jpg;22.09.2024;16:43:45;55,719067;37,607982;Шаболовская;6;высокая;свежий GPS в 104 м, согласуется с соседями по времени езды;Шаболовская;104
20240922_164847(1).jpg;22.09.2024;16:48:47;55,707225;37,585473;Ленинский проспект;6;высокая;свежий GPS в 64 м, согласуется с соседями по времени езды;Ленинский проспект;64
20240922_164851(1).jpg;22.09.2024;16:48:51;55,707225;37,585473;Ленинский проспект;6;высокая;свежий GPS в 64 м, согласуется с соседями по времени езды;Ленинский проспект;64
20240922_165109(1).jpg;22.09.2024;16:51:09;55,691559;37,587655;Площадь Гагарина;МЦК;высокая;"без надёжной привязки; 2 серий между «Ленинский проспект» и «Кутузовская» выстроены вдоль пути (2 станций между ними), серия 1 по времени попадает на «Площадь Гагарина»; серий ровно столько, сколько станций; GPS указывал на «Академическая» (980 м) — под землёй координата недостоверна";Академическая;980
20240922_165111(1).jpg;22.09.2024;16:51:11;55,691559;37,587655;Площадь Гагарина;МЦК;высокая;"без надёжной привязки; 2 серий между «Ленинский проспект» и «Кутузовская» выстроены вдоль пути (2 станций между ними), серия 1 по времени попадает на «Площадь Гагарина»; серий ровно столько, сколько станций; GPS указывал на «Академическая» (980 м) — под землёй координата недостоверна";Академическая;980
20240922_165537(1).jpg;22.09.2024;16:55:38;55,721995;37,557130;Лужники;МЦК;высокая;"без надёжной привязки; 2 серий между «Ленинский проспект» и «Кутузовская» выстроены вдоль пути (2 станций между ними), серия 2 по времени попадает на «Лужники»; серий ровно столько, сколько станций";Лужники;202
20240922_165541(1).jpg;22.09.2024;16:55:41;55,721995;37,557130;Лужники;МЦК;высокая;"без надёжной привязки; 2 серий между «Ленинский проспект» и «Кутузовская» выстроены вдоль пути (2 станций между ними), серия 2 по времени попадает на «Лужники»; серий ровно столько, сколько станций";Лужники;202
20240922_165854(1).jpg;22.09.2024;16:58:54;55,739869;37,534432;Кутузовская;4/МЦК;высокая;свежий GPS в 14 м, согласуется с соседями по времени езды;Кутузовская;14
20240922_165856(1).jpg;22.09.2024;16:58:56;55,739869;37,534432;Кутузовская;4/МЦК;высокая;свежий GPS в 14 м, согласуется с соседями по времени езды;Кутузовская;14
20240922_170049(1).jpg;22.09.2024;17:00:48;55,747579;37,533119;Деловой центр;17/4А/8А/МЦК;средняя;"без надёжной привязки; 1 серий между «Кутузовская» и «Хорошёво» выстроены вдоль пути (2 станций между ними), серия 1 по времени попадает на «Деловой центр»; GPS указывал на «Москва-Сити» (107 м) — под землёй координата недостоверна";Москва-Сити;107
20240922_170051(1).jpg;22.09.2024;17:00:51;55,747579;37,533119;Деловой центр;17/4А/8А/МЦК;средняя;"без надёжной привязки; 1 серий между «Кутузовская» и «Хорошёво» выстроены вдоль пути (2 станций между ними), серия 1 по времени попадает на «Деловой центр»; GPS указывал на «Москва-Сити» (107 м) — под землёй координата недостоверна";Москва-Сити;107
20240922_170054(1).jpg;22.09.2024;17:00:54;55,747579;37,533119;Деловой центр;17/4А/8А/МЦК;средняя;"без надёжной привязки; 1 серий между «Кутузовская» и «Хорошёво» выстроены вдоль пути (2 станций между ними), серия 1 по времени попадает на «Деловой центр»; GPS указывал на «Москва-Сити» (107 м) — под землёй координата недостоверна";Москва-Сити;107
20240922_170139(1).jpg;22.09.2024;17:01:39;55,747810;37,532670;Деловой центр;17/4А/8А/МЦК;средняя;"без надёжной привязки; 1 серий между «Кутузовская» и «Хорошёво» выстроены вдоль пути (2 станций между ними), серия 1 по времени попадает на «Деловой центр»; GPS указывал на «Москва-Сити» (112 м) — под землёй координата недостоверна";Москва-Сити;112
20240922_170141(1).jpg;22.09.2024;17:01:41;55,747810;37,532670;Деловой центр;17/4А/8А/МЦК;средняя;"без надёжной привязки; 1 серий между «Кутузовская» и «Хорошёво» выстроены вдоль пути (2 станций между ними), серия 1 по времени попадает на «Деловой центр»; GPS указывал на «Москва-Сити» (112 м) — под землёй координата недостоверна";Москва-Сити;112
20240922_170200(1).jpg;22.09.2024;17:02:00;55,747810;37,532670;Деловой центр;17/4А/8А/МЦК;средняя;"без надёжной привязки; 1 серий между «Кутузовская» и «Хорошёво» выстроены вдоль пути (2 станций между ними), серия 1 по времени попадает на «Деловой центр»; GPS указывал на «Москва-Сити» (112 м) — под землёй координата недостоверна";Москва-Сити;112
20240922_170202(1).jpg;22.09.2024;17:02:02;55,747810;37,532670;Деловой центр;17/4А/8А/МЦК;средняя;"без надёжной привязки; 1 серий между «Кутузовская» и «Хорошёво» выстроены вдоль пути (2 станций между ними), серия 1 по времени попадает на «Деловой центр»; GPS указывал на «Москва-Сити» (112 м) — под землёй координата недостоверна";Москва-Сити;112
20240922_170211(1).jpg;22.09.2024;17:02:11;55,747810;37,532670;Деловой центр;17/4А/8А/МЦК;средняя;"без надёжной привязки; 1 серий между «Кутузовская» и «Хорошёво» выстроены вдоль пути (2 станций между ними), серия 1 по времени попадает на «Деловой центр»; GPS указывал на «Москва-Сити» (112 м) — под землёй координата недостоверна";Москва-Сити;112
20240922_170313(1).jpg;22.09.2024;17:03:13;55,756661;37,535007;Деловой центр;17/4А/8А/МЦК;средняя;"без надёжной привязки; 1 серий между «Кутузовская» и «Хорошёво» выстроены вдоль пути (2 станций между ними), серия 1 по времени попадает на «Деловой центр»; GPS указывал на «Шелепиха» (690 м) — под землёй координата недостоверна";Шелепиха;690
20240922_170317(1).jpg;22.09.2024;17:03:17;55,756661;37,535007;Деловой центр;17/4А/8А/МЦК;средняя;"без надёжной привязки; 1 серий между «Кутузовская» и «Хорошёво» выстроены вдоль пути (2 станций между ними), серия 1 по времени попадает на «Деловой центр»; GPS указывал на «Шелепиха» (690 м) — под землёй координата недостоверна";Шелепиха;690
20240922_170335(1).jpg;22.09.2024;17:03:35;55,756661;37,535007;Деловой центр;17/4А/8А/МЦК;средняя;"без надёжной привязки; 1 серий между «Кутузовская» и «Хорошёво» выстроены вдоль пути (2 станций между ними), серия 1 по времени попадает на «Деловой центр»; GPS указывал на «Шелепиха» (690 м) — под землёй координата недостоверна";Шелепиха;690
20240922_170622(1).jpg;22.09.2024;17:06:22;55,776807;37,506053;Хорошёво;МЦК;высокая;свежий GPS в 91 м, согласуется с соседями по времени езды;Хорошёво;91
20240922_170628(1).jpg;22.09.2024;17:06:28;55,776807;37,506053;Хорошёво;МЦК;высокая;свежий GPS в 91 м, согласуется с соседями по времени езды;Хорошёво;91
20240922_170630(1).jpg;22.09.2024;17:06:30;55,776807;37,506053;Хорошёво;МЦК;высокая;свежий GPS в 91 м, согласуется с соседями по времени езды;Хорошёво;91
20240922_170640(1).jpg;22.09.2024;17:06:40;55,778842;37,511074;Хорошёво;МЦК;средняя;"без надёжной привязки; 2 серий между «Хорошёво» и «Панфиловская» выстроены вдоль пути (1 станций между ними), серия 1 по времени попадает на «Хорошёво»";Хорошёво;298
20240922_170850(1).jpg;22.09.2024;17:08:50;55,789773;37,501660;Зорге;МЦК;средняя;"без надёжной привязки; 2 серий между «Хорошёво» и «Панфиловская» выстроены вдоль пути (1 станций между ними), серия 2 по времени попадает на «Зорге»";Зорге;221
20240922_170853(1).jpg;22.09.2024;17:08:53;55,789773;37,501660;Зорге;МЦК;средняя;"без надёжной привязки; 2 серий между «Хорошёво» и «Панфиловская» выстроены вдоль пути (1 станций между ними), серия 2 по времени попадает на «Зорге»";Зорге;221
20240922_171116(1).jpg;22.09.2024;17:11:16;55,799095;37,499743;Панфиловская;МЦК;высокая;свежий GPS в 46 м, согласуется с соседями по времени езды;Панфиловская;46
20240922_171118(1).jpg;22.09.2024;17:11:18;55,799075;37,499526;Панфиловская;МЦК;высокая;свежий GPS в 32 м, согласуется с соседями по времени езды;Панфиловская;32
20240922_171344(1).jpg;22.09.2024;17:13:44;55,813528;37,487230;Стрешнево;МЦК;высокая;"без надёжной привязки; 1 серий между «Панфиловская» и «Балтийская» выстроены вдоль пути (1 станций между ними), серия 1 по времени попадает на «Стрешнево»; серий ровно столько, сколько станций";Стрешнево;263
20240922_171359(1).jpg;22.09.2024;17:13:59;55,813528;37,487230;Стрешнево;МЦК;высокая;"без надёжной привязки; 1 серий между «Панфиловская» и «Балтийская» выстроены вдоль пути (1 станций между ними), серия 1 по времени попадает на «Стрешнево»; серий ровно столько, сколько станций";Стрешнево;263
20240922_171403(1).jpg;22.09.2024;17:14:03;55,813528;37,487230;Стрешнево;МЦК;высокая;"без надёжной привязки; 1 серий между «Панфиловская» и «Балтийская» выстроены вдоль пути (1 станций между ними), серия 1 по времени попадает на «Стрешнево»; серий ровно столько, сколько станций";Стрешнево;263
20240922_171637(1).jpg;22.09.2024;17:16:37;55,825682;37,496132;Балтийская;МЦК;высокая;свежий GPS в 28 м, согласуется с соседями по времени езды;Балтийская;28
20240922_171956(1).jpg;22.09.2024;17:19:56;55,839330;37,519957;Коптево;МЦК;высокая;свежий GPS в 34 м, согласуется с соседями по времени езды;Коптево;34
20240922_172242(1).jpg;22.09.2024;17:22:41;55,848847;37,545818;Лихоборы;МЦК;средняя;"без надёжной привязки; 1 серий между «Коптево» и «Лихоборы» выстроены вдоль пути (0 станций между ними), серия 1 по времени попадает на «Лихоборы»";Лихоборы;399
20240922_172303(1).jpg;22.09.2024;17:23:03;55,846741;37,551116;Лихоборы;МЦК;высокая;свежий GPS в 51 м, согласуется с соседями по времени езды;Лихоборы;51
20240922_172307(1).jpg;22.09.2024;17:23:07;55,846741;37,551116;Лихоборы;МЦК;высокая;свежий GPS в 51 м, согласуется с соседями по времени езды;Лихоборы;51
20240922_172405(1).jpg;22.09.2024;17:24:05;55,847094;37,554291;Лихоборы;МЦК;высокая;свежий GPS в 177 м, согласуется с соседями по времени езды;Лихоборы;177
20240922_172535(1).jpg;22.09.2024;17:25:35;55,848931;37,570861;Окружная;10/МЦК;высокая;"без надёжной привязки; 1 серий между «Лихоборы» и «Владыкино» выстроены вдоль пути (1 станций между ними), серия 1 по времени попадает на «Окружная»; серий ровно столько, сколько станций";Окружная;372
20240922_172819(1).jpg;22.09.2024;17:28:19;55,847259;37,592527;Владыкино;9/МЦК;высокая;свежий GPS в 164 м, согласуется с соседями по времени езды;Владыкино;164
20240922_172822(1).jpg;22.09.2024;17:28:22;55,847259;37,592522;Владыкино;9/МЦК;высокая;свежий GPS в 163 м, согласуется с соседями по времени езды;Владыкино;163
20240922_173021(1).jpg;22.09.2024;17:30:21;55,847567;37,608613;Владыкино;9/МЦК;средняя;"без надёжной привязки; 3 серий между «Владыкино» и «Белокаменная» выстроены вдоль пути (2 станций между ними), серия 1 по времени попадает на «Владыкино»";Владыкино;1168
20240922_173219(1).jpg;22.09.2024;17:32:19;55,846510;37,640243;Ботанический сад;6/МЦК;средняя;"без надёжной привязки; 3 серий между «Владыкино» и «Белокаменная» выстроены вдоль пути (2 станций между ними), серия 2 по времени попадает на «Ботанический сад»";Ботанический сад;223
20240922_173221(1).jpg;22.09.2024;17:32:21;55,846509;37,640342;Ботанический сад;6/МЦК;средняя;"без надёжной привязки; 3 серий между «Владыкино» и «Белокаменная» выстроены вдоль пути (2 станций между ними), серия 2 по времени попадает на «Ботанический сад»";Ботанический сад;227
20240922_173247(1).jpg;22.09.2024;17:32:48;55,846526;37,640331;Ботанический сад;6/МЦК;средняя;"без надёжной привязки; 3 серий между «Владыкино» и «Белокаменная» выстроены вдоль пути (2 станций между ними), серия 2 по времени попадает на «Ботанический сад»";Ботанический сад;228
20240922_173349(1).jpg;22.09.2024;17:33:49;55,846276;37,640983;Ботанический сад;6/МЦК;средняя;"без надёжной привязки; 3 серий между «Владыкино» и «Белокаменная» выстроены вдоль пути (2 станций между ними), серия 2 по времени попадает на «Ботанический сад»";Ботанический сад;234
20240922_173504(1).jpg;22.09.2024;17:35:05;55,839667;37,667006;Ростокино;МЦК;средняя;"без надёжной привязки; 3 серий между «Владыкино» и «Белокаменная» выстроены вдоль пути (2 станций между ними), серия 3 по времени попадает на «Ростокино»";Ростокино;220
20240922_173832(1).jpg;22.09.2024;17:38:32;55,829224;37,702708;Белокаменная;МЦК;высокая;свежий GPS в 19 м, согласуется с соседями по времени езды;Белокаменная;19
20240922_173841(1).jpg;22.09.2024;17:38:41;55,829224;37,702708;Белокаменная;МЦК;высокая;свежий GPS в 19 м, согласуется с соседями по времени езды;Белокаменная;19
20240922_173843(1).jpg;22.09.2024;17:38:43;55,829224;37,702708;Белокаменная;МЦК;высокая;свежий GPS в 19 м, согласуется с соседями по времени езды;Белокаменная;19
20240922_173852(1).jpg;22.09.2024;17:38:52;55,829224;37,702708;Белокаменная;МЦК;высокая;свежий GPS в 19 м, согласуется с соседями по времени езды;Белокаменная;19
20240922_174135(1).jpg;22.09.2024;17:41:35;55,816967;37,736139;Бульвар Рокоссовского;1/МЦК;высокая;"без надёжной привязки; 2 серий между «Белокаменная» и «Измайлово» выстроены вдоль пути (2 станций между ними), серия 1 по времени попадает на «Бульвар Рокоссовского»; серий ровно столько, сколько станций";Бульвар Рокоссовского;278
20240922_174138(1).jpg;22.09.2024;17:41:38;55,816967;37,736139;Бульвар Рокоссовского;1/МЦК;высокая;"без надёжной привязки; 2 серий между «Белокаменная» и «Измайлово» выстроены вдоль пути (2 станций между ними), серия 1 по времени попадает на «Бульвар Рокоссовского»; серий ровно столько, сколько станций";Бульвар Рокоссовского;278
20240922_174221(1).jpg;22.09.2024;17:42:21;55,817165;37,736983;Бульвар Рокоссовского;1/МЦК;высокая;"без надёжной привязки; 2 серий между «Белокаменная» и «Измайлово» выстроены вдоль пути (2 станций между ними), серия 1 по времени попадает на «Бульвар Рокоссовского»; серий ровно столько, сколько станций";Бульвар Рокоссовского;322
20240922_174306(1).jpg;22.09.2024;17:43:06;55,813925;37,742828;Бульвар Рокоссовского;1/МЦК;высокая;"без надёжной привязки; 2 серий между «Белокаменная» и «Измайлово» выстроены вдоль пути (2 станций между ними), серия 1 по времени попадает на «Бульвар Рокоссовского»; серий ровно столько, сколько станций";Бульвар Рокоссовского;537
20240922_174428(1).jpg;22.09.2024;17:44:28;55,807870;37,745790;Локомотив;МЦК;высокая;"без надёжной привязки; 2 серий между «Белокаменная» и «Измайлово» выстроены вдоль пути (2 станций между ними), серия 2 по времени попадает на «Локомотив»; серий ровно столько, сколько станций";Локомотив;358
20240922_174659(1).jpg;22.09.2024;17:46:59;55,789652;37,742650;Измайлово;МЦК;высокая;свежий GPS в 38 м, согласуется с соседями по времени езды;Измайлово;38
20240922_174752(1).jpg;22.09.2024;17:47:52;55,789367;37,742755;Измайлово;МЦК;высокая;свежий GPS в 55 м, согласуется с соседями по времени езды;Измайлово;55
20240922_175005(1).jpg;22.09.2024;17:50:05;55,769098;37,743924;Соколиная Гора;МЦК;высокая;"без надёжной привязки; 2 серий между «Измайлово» и «Андроновка» выстроены вдоль пути (2 станций между ними), серия 1 по времени попадает на «Соколиная Гора»; серий ровно столько, сколько станций";Соколиная Гора;258
20240922_175235(1).jpg;22.09.2024;17:52:35;55,758267;37,745972;Шоссе Энтузиастов;8/МЦК;высокая;"без надёжной привязки; 2 серий между «Измайлово» и «Андроновка» выстроены вдоль пути (2 станций между ними), серия 2 по времени попадает на «Шоссе Энтузиастов»; серий ровно столько, сколько станций";Шоссе Энтузиастов;233
20240922_175242(1).jpg;22.09.2024;17:52:43;55,757771;37,746272;Шоссе Энтузиастов;8/МЦК;высокая;"без надёжной привязки; 2 серий между «Измайлово» и «Андроновка» выстроены вдоль пути (2 станций между ними), серия 2 по времени попадает на «Шоссе Энтузиастов»; серий ровно столько, сколько станций";Шоссе Энтузиастов;202
20240922_175710(1).jpg;22.09.2024;17:57:10;55,746631;37,738930;Андроновка;МЦК;высокая;свежий GPS в 88 м, согласуется с соседями по времени езды;Андроновка;88
20240922_175715(1).jpg;22.09.2024;17:57:15;55,747283;37,737980;Андроновка;МЦК;высокая;свежий GPS в 30 м, согласуется с соседями по времени езды;Андроновка;30
20240922_175718(1).jpg;22.09.2024;17:57:18;55,747283;37,737980;Андроновка;МЦК;высокая;свежий GPS в 30 м, согласуется с соседями по времени езды;Андроновка;30
20240922_175749(1).jpg;22.09.2024;17:57:49;55,747293;37,737921;Андроновка;МЦК;высокая;свежий GPS в 29 м, согласуется с соседями по времени езды;Андроновка;29
20240922_175753(1).jpg;22.09.2024;17:57:53;55,747293;37,737921;Андроновка;МЦК;высокая;свежий GPS в 29 м, согласуется с соседями по времени езды;Андроновка;29
20240922_175756(1).jpg;22.09.2024;17:57:56;55,747293;37,737921;Андроновка;МЦК;высокая;свежий GPS в 29 м, согласуется с соседями по времени езды;Андроновка;29
20240922_175831(1).jpg;22.09.2024;17:58:31;55,747288;37,737912;Андроновка;МЦК;высокая;свежий GPS в 29 м, согласуется с соседями по времени езды;Андроновка;29
20240922_175836(1).jpg;22.09.2024;17:58:36;55,747299;37,737911;Андроновка;МЦК;высокая;свежий GPS в 30 м, согласуется с соседями по времени езды;Андроновка;30
20240922_175842(1).jpg;22.09.2024;17:58:41;55,747299;37,737911;Андроновка;МЦК;высокая;свежий GPS в 30 м, согласуется с соседями по времени езды;Андроновка;30
20240922_175845(1).jpg;22.09.2024;17:58:44;55,747299;37,737911;Андроновка;МЦК;высокая;свежий GPS в 30 м, согласуется с соседями по времени езды;Андроновка;30
20240922_180327(1).jpg;22.09.2024;18:03:27;55,730318;37,729454;Нижегородская;11/15/МЦК;высокая;свежий GPS в 182 м, согласуется с соседями по времени езды;Нижегородская;182
20240922_180340(1).jpg;22.09.2024;18:03:40;55,731831;37,732149;Нижегородская;11/15/МЦК;высокая;свежий GPS в 136 м, согласуется с соседями по времени езды;Нижегородская;136
20240922_180346(1).jpg;22.09.2024;18:03:46;55,731831;37,732149;Нижегородская;11/15/МЦК;высокая;свежий GPS в 136 м, согласуется с соседями по времени езды;Нижегородская;136
20240922_180605(1).jpg;22.09.2024;18:06:05;55,726281;37,719697;Новохохловская;МЦК;средняя;"без надёжной привязки; 1 серий между «Нижегородская» и «Новохохловская» выстроены вдоль пути (0 станций между ними), серия 1 по времени попадает на «Новохохловская»";Новохохловская;446
20240922_180619(1).jpg;22.09.2024;18:06:19;55,724449;37,714016;Новохохловская;МЦК;высокая;свежий GPS в 102 м, согласуется с соседями по времени езды;Новохохловская;102
20240922_180624(1).jpg;22.09.2024;18:06:24;55,724449;37,714016;Новохохловская;МЦК;высокая;свежий GPS в 102 м, согласуется с соседями по времени езды;Новохохловская;102
20240922_180627(1).jpg;22.09.2024;18:06:27;55,724449;37,714016;Новохохловская;МЦК;высокая;свежий GPS в 102 м, согласуется с соседями по времени езды;Новохохловская;102
20240922_180634(1).jpg;22.09.2024;18:06:34;55,724449;37,714016;Новохохловская;МЦК;высокая;свежий GPS в 102 м, согласуется с соседями по времени езды;Новохохловская;102
20240922_180644(1).jpg;22.09.2024;18:06:44;55,724449;37,714016;Новохохловская;МЦК;высокая;свежий GPS в 102 м, согласуется с соседями по времени езды;Новохохловская;102
20240922_180839(1).jpg;22.09.2024;18:08:39;55,718898;37,694731;Угрешская;МЦК;высокая;свежий GPS в 193 м, согласуется с соседями по времени езды;Угрешская;193
20240922_180848(1).jpg;22.09.2024;18:08:48;55,718898;37,694731;Угрешская;МЦК;высокая;свежий GPS в 193 м, согласуется с соседями по времени езды;Угрешская;193
20240922_180851(1).jpg;22.09.2024;18:08:51;55,718898;37,694731;Угрешская;МЦК;высокая;свежий GPS в 193 м, согласуется с соседями по времени езды;Угрешская;193
20240922_181115(1).jpg;22.09.2024;18:11:15;55,712758;37,676977;Дубровка;10/МЦК;высокая;"без надёжной привязки; 2 серий между «Угрешская» и «ЗИЛ» выстроены вдоль пути (2 станций между ними), серия 1 по времени попадает на «Дубровка»; серий ровно столько, сколько станций";Дубровка;723
20240922_181118(1).jpg;22.09.2024;18:11:18;55,712758;37,676977;Дубровка;10/МЦК;высокая;"без надёжной привязки; 2 серий между «Угрешская» и «ЗИЛ» выстроены вдоль пути (2 станций между ними), серия 1 по времени попадает на «Дубровка»; серий ровно столько, сколько станций";Дубровка;723
20240922_181124(1).jpg;22.09.2024;18:11:24;55,712758;37,676977;Дубровка;10/МЦК;высокая;"без надёжной привязки; 2 серий между «Угрешская» и «ЗИЛ» выстроены вдоль пути (2 станций между ними), серия 1 по времени попадает на «Дубровка»; серий ровно столько, сколько станций";Дубровка;723
20240922_181129(1).jpg;22.09.2024;18:11:29;55,712758;37,676977;Дубровка;10/МЦК;высокая;"без надёжной привязки; 2 серий между «Угрешская» и «ЗИЛ» выстроены вдоль пути (2 станций между ними), серия 1 по времени попадает на «Дубровка»; серий ровно столько, сколько станций";Дубровка;723
20240922_181333(1).jpg;22.09.2024;18:13:33;55,706518;37,663165;Автозаводская;2/МЦК;высокая;"без надёжной привязки; 2 серий между «Угрешская» и «ЗИЛ» выстроены вдоль пути (2 станций между ними), серия 2 по времени попадает на «Автозаводская»; серий ровно столько, сколько станций";Автозаводская;351
20240922_181337(1).jpg;22.09.2024;18:13:37;55,705774;37,663524;Автозаводская;2/МЦК;высокая;"без надёжной привязки; 2 серий между «Угрешская» и «ЗИЛ» выстроены вдоль пути (2 станций между ними), серия 2 по времени попадает на «Автозаводская»; серий ровно столько, сколько станций";Автозаводская;401
20240922_181615(1).jpg;22.09.2024;18:16:15;55,697286;37,646466;ЗИЛ;16/МЦК;высокая;свежий GPS в 87 м, согласуется с соседями по времени езды;ЗИЛ;87
20240922_181624(1).jpg;22.09.2024;18:16:24;55,697286;37,646466;ЗИЛ;16/МЦК;высокая;свежий GPS в 87 м, согласуется с соседями по времени езды;ЗИЛ;87
20240922_181633(1).jpg;22.09.2024;18:16:33;55,697286;37,646466;ЗИЛ;16/МЦК;высокая;свежий GPS в 87 м, согласуется с соседями по времени езды;ЗИЛ;87
20240922_181815(1).jpg;22.09.2024;18:18:15;55,693463;37,628806;Верхние Котлы;МЦК;средняя;"без надёжной привязки; 1 серий между «ЗИЛ» и «Верхние Котлы» выстроены вдоль пути (0 станций между ними), серия 1 по времени попадает на «Верхние Котлы»";Верхние Котлы;852
20240922_181817(1).jpg;22.09.2024;18:18:17;55,693463;37,628806;Верхние Котлы;МЦК;средняя;"без надёжной привязки; 1 серий между «ЗИЛ» и «Верхние Котлы» выстроены вдоль пути (0 станций между ними), серия 1 по времени попадает на «Верхние Котлы»";Верхние Котлы;852
20240922_181820(1).jpg;22.09.2024;18:18:20;55,693463;37,628806;Верхние Котлы;МЦК;средняя;"без надёжной привязки; 1 серий между «ЗИЛ» и «Верхние Котлы» выстроены вдоль пути (0 станций между ними), серия 1 по времени попадает на «Верхние Котлы»";Верхние Котлы;852
20240922_181821(1).jpg;22.09.2024;18:18:21;55,693463;37,628806;Верхние Котлы;МЦК;средняя;"без надёжной привязки; 1 серий между «ЗИЛ» и «Верхние Котлы» выстроены вдоль пути (0 станций между ними), серия 1 по времени попадает на «Верхние Котлы»";Верхние Котлы;852
20240922_181821(2).jpg;22.09.2024;18:18:21;55,693463;37,628806;Верхние Котлы;МЦК;средняя;"без надёжной привязки; 1 серий между «ЗИЛ» и «Верхние Котлы» выстроены вдоль пути (0 станций между ними), серия 1 по времени попадает на «Верхние Котлы»";Верхние Котлы;852
20240922_181924(1).jpg;22.09.2024;18:19:24;55,689896;37,618338;Верхние Котлы;МЦК;высокая;свежий GPS в 107 м, согласуется с соседями по времени езды;Верхние Котлы;107
20240922_181927(1).jpg;22.09.2024;18:19:27;55,689546;37,618173;Верхние Котлы;МЦК;высокая;свежий GPS в 110 м, согласуется с соседями по времени езды;Верхние Котлы;110
20240922_182113(1).jpg;22.09.2024;18:21:13;55,689819;37,605554;Верхние Котлы;МЦК;средняя;"без надёжной привязки; 1 серий между «Верхние Котлы» и «Академическая» выстроены вдоль пути (1 станций между ними), серия 1 по времени попадает на «Верхние Котлы»; серий ровно столько, сколько станций; GPS указывал на «Крымская» (241 м) — под землёй координата недостоверна";Крымская;241
20240922_182121(1).jpg;22.09.2024;18:21:20;55,690283;37,604665;Верхние Котлы;МЦК;средняя;"без надёжной привязки; 1 серий между «Верхние Котлы» и «Академическая» выстроены вдоль пути (1 станций между ними), серия 1 по времени попадает на «Верхние Котлы»; серий ровно столько, сколько станций; GPS указывал на «Крымская» (303 м) — под землёй координата недостоверна";Крымская;303
20240922_182122(1).jpg;22.09.2024;18:21:22;55,690283;37,604665;Верхние Котлы;МЦК;средняя;"без надёжной привязки; 1 серий между «Верхние Котлы» и «Академическая» выстроены вдоль пути (1 станций между ними), серия 1 по времени попадает на «Верхние Котлы»; серий ровно столько, сколько станций; GPS указывал на «Крымская» (303 м) — под землёй координата недостоверна";Крымская;303
20240922_183119(1).jpg;22.09.2024;18:31:19;55,688357;37,574104;Академическая;16/6;высокая;свежий GPS в 71 м, согласуется с соседями по времени езды;Академическая;71
20240922_183122(1).jpg;22.09.2024;18:31:22;55,688357;37,574104;Академическая;16/6;высокая;свежий GPS в 71 м, согласуется с соседями по времени езды;Академическая;71
20240922_183322(1).jpg;22.09.2024;18:33:22;55,678463;37,563418;Профсоюзная;6;высокая;свежий GPS в 67 м, согласуется с соседями по времени езды;Профсоюзная;67
20240922_183324(1).jpg;22.09.2024;18:33:24;55,678463;37,563418;Профсоюзная;6;высокая;свежий GPS в 67 м, согласуется с соседями по времени езды;Профсоюзная;67
20240922_183329(1).jpg;22.09.2024;18:33:29;55,678463;37,563418;Профсоюзная;6;высокая;свежий GPS в 67 м, согласуется с соседями по времени езды;Профсоюзная;67
20240922_183509(1).jpg;22.09.2024;18:35:09;55,670770;37,555222;Новые Черёмушки;6;высокая;свежий GPS в 64 м, согласуется с соседями по времени езды;Новые Черёмушки;64
20240922_183513(1).jpg;22.09.2024;18:35:13;55,670770;37,555222;Новые Черёмушки;6;высокая;свежий GPS в 64 м, согласуется с соседями по времени езды;Новые Черёмушки;64
20240922_183743(1).jpg;22.09.2024;18:37:43;55,657850;37,541317;Калужская;6;высокая;свежий GPS в 98 м, согласуется с соседями по времени езды;Калужская;98
20240922_183908(1).jpg;22.09.2024;18:39:08;55,658092;37,541234;Калужская;6;высокая;свежий GPS в 120 м, согласуется с соседями по времени езды;Калужская;120
20240922_183932(1).jpg;22.09.2024;18:39:32;55,658092;37,541234;Калужская;6;высокая;свежий GPS в 120 м, согласуется с соседями по времени езды;Калужская;120
20240922_183934(1).jpg;22.09.2024;18:39:34;55,658092;37,541234;Калужская;6;высокая;свежий GPS в 120 м, согласуется с соседями по времени езды;Калужская;120
20240922_183948(1).jpg;22.09.2024;18:39:48;55,658092;37,541234;Калужская;6;высокая;свежий GPS в 120 м, согласуется с соседями по времени езды;Калужская;120
20240922_183950(1).jpg;22.09.2024;18:39:50;55,658092;37,541234;Калужская;6;высокая;свежий GPS в 120 м, согласуется с соседями по времени езды;Калужская;120
20240922_183956(1).jpg;22.09.2024;18:39:57;55,658092;37,541234;Калужская;6;высокая;свежий GPS в 120 м, согласуется с соседями по времени езды;Калужская;120
20240922_184317(1).jpg;22.09.2024;18:43:17;55,655956;37,573186;Воронцовская;11;высокая;"без надёжной привязки; 1 серий между «Калужская» и «Зюзино» выстроены вдоль пути (1 станций между ними), серия 1 по времени попадает на «Воронцовская»; серий ровно столько, сколько станций; GPS указывал на «Зюзино» (30 м) — под землёй координата недостоверна";Зюзино;30
20240922_184322(1).jpg;22.09.2024;18:43:22;55,655956;37,573186;Воронцовская;11;высокая;"без надёжной привязки; 1 серий между «Калужская» и «Зюзино» выстроены вдоль пути (1 станций между ними), серия 1 по времени попадает на «Воронцовская»; серий ровно столько, сколько станций; GPS указывал на «Зюзино» (30 м) — под землёй координата недостоверна";Зюзино;30
20240922_184334(1).jpg;22.09.2024;18:43:34;55,655956;37,573186;Зюзино;11;высокая;свежий GPS в 30 м, согласуется с соседями по времени езды;Зюзино;30
20240922_184551(1).jpg;22.09.2024;18:45:51;55,648709;37,604056;Каховская;11;высокая;"без надёжной привязки; 7 серий между «Зюзино» и «Нижегородская» выстроены вдоль пути (7 станций между ними), серия 1 по времени попадает на «Каховская»; серий ровно столько, сколько станций; GPS указывал на «Севастопольская» (565 м) — под землёй координата недостоверна";Севастопольская;565
20240922_184553(1).jpg;22.09.2024;18:45:53;55,648709;37,604056;Каховская;11;высокая;"без надёжной привязки; 7 серий между «Зюзино» и «Нижегородская» выстроены вдоль пути (7 станций между ними), серия 1 по времени попадает на «Каховская»; серий ровно столько, сколько станций; GPS указывал на «Севастопольская» (565 м) — под землёй координата недостоверна";Севастопольская;565
20240922_184601(1).jpg;22.09.2024;18:46:01;55,648709;37,604056;Каховская;11;высокая;"без надёжной привязки; 7 серий между «Зюзино» и «Нижегородская» выстроены вдоль пути (7 станций между ними), серия 1 по времени попадает на «Каховская»; серий ровно столько, сколько станций; GPS указывал на «Севастопольская» (565 м) — под землёй координата недостоверна";Севастопольская;565
20240922_184805(1).jpg;22.09.2024;18:48:05;55,649587;37,626508;Варшавская;11;высокая;"без надёжной привязки; 7 серий между «Зюзино» и «Нижегородская» выстроены вдоль пути (7 станций между ними), серия 2 по времени попадает на «Варшавская»; серий ровно столько, сколько станций";Варшавская;606
20240922_184810(1).jpg;22.09.2024;18:48:10;55,649587;37,626508;Варшавская;11;высокая;"без надёжной привязки; 7 серий между «Зюзино» и «Нижегородская» выстроены вдоль пути (7 станций между ними), серия 2 по времени попадает на «Варшавская»; серий ровно столько, сколько станций";Варшавская;606
20240922_185118(1).jpg;22.09.2024;18:51:18;55,639246;37,658678;Каширская;11/2;высокая;"без надёжной привязки; 7 серий между «Зюзино» и «Нижегородская» выстроены вдоль пути (7 станций между ними), серия 3 по времени попадает на «Каширская»; серий ровно столько, сколько станций; GPS указывал на «Кантемировская» (413 м) — под землёй координата недостоверна";Кантемировская;413
20240922_185125(1).jpg;22.09.2024;18:51:25;55,639246;37,658678;Каширская;11/2;высокая;"без надёжной привязки; 7 серий между «Зюзино» и «Нижегородская» выстроены вдоль пути (7 станций между ними), серия 3 по времени попадает на «Каширская»; серий ровно столько, сколько станций; GPS указывал на «Кантемировская» (413 м) — под землёй координата недостоверна";Кантемировская;413
20240922_185535(1).jpg;22.09.2024;18:55:35;;;Кленовый бульвар;11;высокая;"без надёжной привязки; 7 серий между «Зюзино» и «Нижегородская» выстроены вдоль пути (7 станций между ними), серия 4 по времени попадает на «Кленовый бульвар»; серий ровно столько, сколько станций";;
20240922_185544(1).jpg;22.09.2024;18:55:44;;;Кленовый бульвар;11;высокая;"без надёжной привязки; 7 серий между «Зюзино» и «Нижегородская» выстроены вдоль пути (7 станций между ними), серия 4 по времени попадает на «Кленовый бульвар»; серий ровно столько, сколько станций";;
20240922_185552(1).jpg;22.09.2024;18:55:52;;;Кленовый бульвар;11;высокая;"без надёжной привязки; 7 серий между «Зюзино» и «Нижегородская» выстроены вдоль пути (7 станций между ними), серия 4 по времени попадает на «Кленовый бульвар»; серий ровно столько, сколько станций";;
20240922_185839(1).jpg;22.09.2024;18:58:39;;;Нагатинский Затон;11;высокая;"без надёжной привязки; 7 серий между «Зюзино» и «Нижегородская» выстроены вдоль пути (7 станций между ними), серия 5 по времени попадает на «Нагатинский Затон»; серий ровно столько, сколько станций";;
20240922_185841(1).jpg;22.09.2024;18:58:42;;;Нагатинский Затон;11;высокая;"без надёжной привязки; 7 серий между «Зюзино» и «Нижегородская» выстроены вдоль пути (7 станций между ними), серия 5 по времени попадает на «Нагатинский Затон»; серий ровно столько, сколько станций";;
20240922_185900(1).jpg;22.09.2024;18:59:00;;;Нагатинский Затон;11;высокая;"без надёжной привязки; 7 серий между «Зюзино» и «Нижегородская» выстроены вдоль пути (7 станций между ними), серия 5 по времени попадает на «Нагатинский Затон»; серий ровно столько, сколько станций";;
20240922_185909(1).jpg;22.09.2024;18:59:09;;;Нагатинский Затон;11;высокая;"без надёжной привязки; 7 серий между «Зюзино» и «Нижегородская» выстроены вдоль пути (7 станций между ними), серия 5 по времени попадает на «Нагатинский Затон»; серий ровно столько, сколько станций";;
20240922_190132(1).jpg;22.09.2024;19:01:32;;;Печатники;10/11;высокая;"без надёжной привязки; 7 серий между «Зюзино» и «Нижегородская» выстроены вдоль пути (7 станций между ними), серия 6 по времени попадает на «Печатники»; серий ровно столько, сколько станций";;
20240922_190135(1).jpg;22.09.2024;19:01:35;;;Печатники;10/11;высокая;"без надёжной привязки; 7 серий между «Зюзино» и «Нижегородская» выстроены вдоль пути (7 станций между ними), серия 6 по времени попадает на «Печатники»; серий ровно столько, сколько станций";;
20240922_190150(1).jpg;22.09.2024;19:01:50;;;Печатники;10/11;высокая;"без надёжной привязки; 7 серий между «Зюзино» и «Нижегородская» выстроены вдоль пути (7 станций между ними), серия 6 по времени попадает на «Печатники»; серий ровно столько, сколько станций";;
20240922_190358(1).jpg;22.09.2024;19:03:58;;;Текстильщики;11/7;высокая;"без надёжной привязки; 7 серий между «Зюзино» и «Нижегородская» выстроены вдоль пути (7 станций между ними), серия 7 по времени попадает на «Текстильщики»; серий ровно столько, сколько станций";;
20240922_190402(1).jpg;22.09.2024;19:04:02;;;Текстильщики;11/7;высокая;"без надёжной привязки; 7 серий между «Зюзино» и «Нижегородская» выстроены вдоль пути (7 станций между ними), серия 7 по времени попадает на «Текстильщики»; серий ровно столько, сколько станций";;
20240922_190747(1).jpg;22.09.2024;19:07:47;55,731972;37,729946;Нижегородская;11/15/МЦК;высокая;свежий GPS в 6 м, согласуется с соседями по времени езды;Нижегородская;6
20240922_190752(1).jpg;22.09.2024;19:07:52;55,731972;37,729946;Нижегородская;11/15/МЦК;высокая;свежий GPS в 6 м, согласуется с соседями по времени езды;Нижегородская;6
20240922_191159(1).jpg;22.09.2024;19:11:59;;;Авиамоторная;11/8;средняя;"без надёжной привязки; 7 серий между «Нижегородская» и «Савёловская» выстроены вдоль пути (6 станций между ними), серия 1 по времени попадает на «Авиамоторная»";;
20240922_191202(1).jpg;22.09.2024;19:12:02;;;Авиамоторная;11/8;средняя;"без надёжной привязки; 7 серий между «Нижегородская» и «Савёловская» выстроены вдоль пути (6 станций между ними), серия 1 по времени попадает на «Авиамоторная»";;
20240922_191208(1).jpg;22.09.2024;19:12:08;;;Авиамоторная;11/8;средняя;"без надёжной привязки; 7 серий между «Нижегородская» и «Савёловская» выстроены вдоль пути (6 станций между ними), серия 1 по времени попадает на «Авиамоторная»";;
20240922_191213(1).jpg;22.09.2024;19:12:13;;;Авиамоторная;11/8;средняя;"без надёжной привязки; 7 серий между «Нижегородская» и «Савёловская» выстроены вдоль пути (6 станций между ними), серия 1 по времени попадает на «Авиамоторная»";;
20240922_191449(1).jpg;22.09.2024;19:14:49;;;Лефортово;11;средняя;"без надёжной привязки; 7 серий между «Нижегородская» и «Савёловская» выстроены вдоль пути (6 станций между ними), серия 2 по времени попадает на «Лефортово»";;
20240922_191455(1).jpg;22.09.2024;19:14:55;;;Лефортово;11;средняя;"без надёжной привязки; 7 серий между «Нижегородская» и «Савёловская» выстроены вдоль пути (6 станций между ними), серия 2 по времени попадает на «Лефортово»";;
20240922_191738(1).jpg;22.09.2024;19:17:38;;;Электрозаводская;11/3;средняя;"без надёжной привязки; 7 серий между «Нижегородская» и «Савёловская» выстроены вдоль пути (6 станций между ними), серия 3 по времени попадает на «Электрозаводская»";;
20240922_191741(1).jpg;22.09.2024;19:17:41;;;Электрозаводская;11/3;средняя;"без надёжной привязки; 7 серий между «Нижегородская» и «Савёловская» выстроены вдоль пути (6 станций между ними), серия 3 по времени попадает на «Электрозаводская»";;
20240922_191748(1).jpg;22.09.2024;19:17:48;;;Электрозаводская;11/3;средняя;"без надёжной привязки; 7 серий между «Нижегородская» и «Савёловская» выстроены вдоль пути (6 станций между ними), серия 3 по времени попадает на «Электрозаводская»";;
20240922_191818(1).jpg;22.09.2024;19:18:18;;;Электрозаводская;11/3;средняя;"без надёжной привязки; 7 серий между «Нижегородская» и «Савёловская» выстроены вдоль пути (6 станций между ними), серия 3 по времени попадает на «Электрозаводская»";;
20240922_191818(2).jpg;22.09.2024;19:18:18;;;Электрозаводская;11/3;средняя;"без надёжной привязки; 7 серий между «Нижегородская» и «Савёловская» выстроены вдоль пути (6 станций между ними), серия 3 по времени попадает на «Электрозаводская»";;
20240922_192028(1).jpg;22.09.2024;19:20:28;;;Сокольники;1/11;средняя;"без надёжной привязки; 7 серий между «Нижегородская» и «Савёловская» выстроены вдоль пути (6 станций между ними), серия 4 по времени попадает на «Сокольники»";;
20240922_192030(1).jpg;22.09.2024;19:20:30;;;Сокольники;1/11;средняя;"без надёжной привязки; 7 серий между «Нижегородская» и «Савёловская» выстроены вдоль пути (6 станций между ними), серия 4 по времени попадает на «Сокольники»";;
20240922_192409(1).jpg;22.09.2024;19:24:09;;;Рижская;11/6;средняя;"без надёжной привязки; 7 серий между «Нижегородская» и «Савёловская» выстроены вдоль пути (6 станций между ними), серия 5 по времени попадает на «Рижская»";;
20240922_192417(1).jpg;22.09.2024;19:24:17;;;Рижская;11/6;средняя;"без надёжной привязки; 7 серий между «Нижегородская» и «Савёловская» выстроены вдоль пути (6 станций между ними), серия 5 по времени попадает на «Рижская»";;
20240922_192615(1).jpg;22.09.2024;19:26:15;;;Марьина Роща;10/11;средняя;"без надёжной привязки; 7 серий между «Нижегородская» и «Савёловская» выстроены вдоль пути (6 станций между ними), серия 6 по времени попадает на «Марьина Роща»";;
20240922_192623(1).jpg;22.09.2024;19:26:23;;;Марьина Роща;10/11;средняя;"без надёжной привязки; 7 серий между «Нижегородская» и «Савёловская» выстроены вдоль пути (6 станций между ними), серия 6 по времени попадает на «Марьина Роща»";;
20240922_192627(1).jpg;22.09.2024;19:26:27;;;Марьина Роща;10/11;средняя;"без надёжной привязки; 7 серий между «Нижегородская» и «Савёловская» выстроены вдоль пути (6 станций между ними), серия 6 по времени попадает на «Марьина Роща»";;
20240922_192638(1).jpg;22.09.2024;19:26:38;;;Марьина Роща;10/11;средняя;"без надёжной привязки; 7 серий между «Нижегородская» и «Савёловская» выстроены вдоль пути (6 станций между ними), серия 6 по времени попадает на «Марьина Роща»";;
20240922_192652(1).jpg;22.09.2024;19:26:52;;;Марьина Роща;10/11;средняя;"без надёжной привязки; 7 серий между «Нижегородская» и «Савёловская» выстроены вдоль пути (6 станций между ними), серия 6 по времени попадает на «Марьина Роща»";;
20240922_192917(1).jpg;22.09.2024;19:29:17;;;Савёловская;11/9;средняя;"без надёжной привязки; 7 серий между «Нижегородская» и «Савёловская» выстроены вдоль пути (6 станций между ними), серия 7 по времени попадает на «Савёловская»";;
20240922_192920(1).jpg;22.09.2024;19:29:20;;;Савёловская;11/9;средняя;"без надёжной привязки; 7 серий между «Нижегородская» и «Савёловская» выстроены вдоль пути (6 станций между ними), серия 7 по времени попадает на «Савёловская»";;
20240922_192924(1).jpg;22.09.2024;19:29:24;;;Савёловская;11/9;средняя;"без надёжной привязки; 7 серий между «Нижегородская» и «Савёловская» выстроены вдоль пути (6 станций между ними), серия 7 по времени попадает на «Савёловская»";;
20240922_192929(1).jpg;22.09.2024;19:29:29;;;Савёловская;11/9;высокая;название станции прочитано на кадре;;
20240922_192933(1).jpg;22.09.2024;19:29:33;;;Савёловская;11/9;высокая;"без надёжной привязки; 16 серий между «Савёловская» и «Тёплый Стан» выстроены вдоль пути (16 станций между ними), серия 1 по времени попадает на «Савёловская»; серий ровно столько, сколько станций";;
20240922_192949(1).jpg;22.09.2024;19:29:49;;;Савёловская;11/9;высокая;"без надёжной привязки; 16 серий между «Савёловская» и «Тёплый Стан» выстроены вдоль пути (16 станций между ними), серия 1 по времени попадает на «Савёловская»; серий ровно столько, сколько станций";;
20240922_192951(1).jpg;22.09.2024;19:29:51;;;Савёловская;11/9;высокая;"без надёжной привязки; 16 серий между «Савёловская» и «Тёплый Стан» выстроены вдоль пути (16 станций между ними), серия 1 по времени попадает на «Савёловская»; серий ровно столько, сколько станций";;
20240922_193227(1).jpg;22.09.2024;19:32:27;;;Петровский парк;11;высокая;"без надёжной привязки; 16 серий между «Савёловская» и «Тёплый Стан» выстроены вдоль пути (16 станций между ними), серия 2 по времени попадает на «Петровский парк»; серий ровно столько, сколько станций";;
20240922_193231(1).jpg;22.09.2024;19:32:31;;;Петровский парк;11;высокая;"без надёжной привязки; 16 серий между «Савёловская» и «Тёплый Стан» выстроены вдоль пути (16 станций между ними), серия 2 по времени попадает на «Петровский парк»; серий ровно столько, сколько станций";;
20240922_193238(1).jpg;22.09.2024;19:32:37;;;Петровский парк;11;высокая;"без надёжной привязки; 16 серий между «Савёловская» и «Тёплый Стан» выстроены вдоль пути (16 станций между ними), серия 2 по времени попадает на «Петровский парк»; серий ровно столько, сколько станций";;
20240922_193519(1).jpg;22.09.2024;19:35:19;;;Петровский парк;11;высокая;"без надёжной привязки; 16 серий между «Савёловская» и «Тёплый Стан» выстроены вдоль пути (16 станций между ними), серия 3 по времени попадает на «Петровский парк»; серий ровно столько, сколько станций";;
20240922_193526(1).jpg;22.09.2024;19:35:26;;;Петровский парк;11;высокая;"без надёжной привязки; 16 серий между «Савёловская» и «Тёплый Стан» выстроены вдоль пути (16 станций между ними), серия 3 по времени попадает на «Петровский парк»; серий ровно столько, сколько станций";;
20240922_193808(1).jpg;22.09.2024;19:38:07;;;ЦСКА;11;высокая;"без надёжной привязки; 16 серий между «Савёловская» и «Тёплый Стан» выстроены вдоль пути (16 станций между ними), серия 4 по времени попадает на «ЦСКА»; серий ровно столько, сколько станций";;
20240922_193810(1).jpg;22.09.2024;19:38:10;;;ЦСКА;11;высокая;"без надёжной привязки; 16 серий между «Савёловская» и «Тёплый Стан» выстроены вдоль пути (16 станций между ними), серия 4 по времени попадает на «ЦСКА»; серий ровно столько, сколько станций";;
20240922_193815(1).jpg;22.09.2024;19:38:15;;;ЦСКА;11;высокая;"без надёжной привязки; 16 серий между «Савёловская» и «Тёплый Стан» выстроены вдоль пути (16 станций между ними), серия 4 по времени попадает на «ЦСКА»; серий ровно столько, сколько станций";;
20240922_194131(1).jpg;22.09.2024;19:41:31;;;Хорошёвская;11;высокая;"без надёжной привязки; 16 серий между «Савёловская» и «Тёплый Стан» выстроены вдоль пути (16 станций между ними), серия 5 по времени попадает на «Хорошёвская»; серий ровно столько, сколько станций";;
20240922_194134(1).jpg;22.09.2024;19:41:34;;;Хорошёвская;11;высокая;"без надёжной привязки; 16 серий между «Савёловская» и «Тёплый Стан» выстроены вдоль пути (16 станций между ними), серия 5 по времени попадает на «Хорошёвская»; серий ровно столько, сколько станций";;
20240922_194136(1).jpg;22.09.2024;19:41:37;;;Хорошёвская;11;высокая;"без надёжной привязки; 16 серий между «Савёловская» и «Тёплый Стан» выстроены вдоль пути (16 станций между ними), серия 5 по времени попадает на «Хорошёвская»; серий ровно столько, сколько станций";;
20240922_194429(1).jpg;22.09.2024;19:44:29;;;Народное Ополчение;11/17;высокая;"без надёжной привязки; 16 серий между «Савёловская» и «Тёплый Стан» выстроены вдоль пути (16 станций между ними), серия 6 по времени попадает на «Народное Ополчение»; серий ровно столько, сколько станций";;
20240922_194433(1).jpg;22.09.2024;19:44:33;;;Народное Ополчение;11/17;высокая;"без надёжной привязки; 16 серий между «Савёловская» и «Тёплый Стан» выстроены вдоль пути (16 станций между ними), серия 6 по времени попадает на «Народное Ополчение»; серий ровно столько, сколько станций";;
20240922_194437(1).jpg;22.09.2024;19:44:37;;;Народное Ополчение;11/17;высокая;"без надёжной привязки; 16 серий между «Савёловская» и «Тёплый Стан» выстроены вдоль пути (16 станций между ними), серия 6 по времени попадает на «Народное Ополчение»; серий ровно столько, сколько станций";;
20240922_194440(1).jpg;22.09.2024;19:44:40;;;Народное Ополчение;11/17;высокая;"без надёжной привязки; 16 серий между «Савёловская» и «Тёплый Стан» выстроены вдоль пути (16 станций между ними), серия 6 по времени попадает на «Народное Ополчение»; серий ровно столько, сколько станций";;
20240922_194449(1).jpg;22.09.2024;19:44:49;;;Народное Ополчение;11/17;высокая;"без надёжной привязки; 16 серий между «Савёловская» и «Тёплый Стан» выстроены вдоль пути (16 станций между ними), серия 6 по времени попадает на «Народное Ополчение»; серий ровно столько, сколько станций";;
20240922_194717(1).jpg;22.09.2024;19:47:17;;;Мнёвники;11;высокая;"без надёжной привязки; 16 серий между «Савёловская» и «Тёплый Стан» выстроены вдоль пути (16 станций между ними), серия 7 по времени попадает на «Мнёвники»; серий ровно столько, сколько станций";;
20240922_194721(1).jpg;22.09.2024;19:47:21;;;Мнёвники;11;высокая;"без надёжной привязки; 16 серий между «Савёловская» и «Тёплый Стан» выстроены вдоль пути (16 станций между ними), серия 7 по времени попадает на «Мнёвники»; серий ровно столько, сколько станций";;
20240922_194722(1).jpg;22.09.2024;19:47:22;;;Мнёвники;11;высокая;"без надёжной привязки; 16 серий между «Савёловская» и «Тёплый Стан» выстроены вдоль пути (16 станций между ними), серия 7 по времени попадает на «Мнёвники»; серий ровно столько, сколько станций";;
20240922_194726(1).jpg;22.09.2024;19:47:26;;;Мнёвники;11;высокая;"без надёжной привязки; 16 серий между «Савёловская» и «Тёплый Стан» выстроены вдоль пути (16 станций между ними), серия 7 по времени попадает на «Мнёвники»; серий ровно столько, сколько станций";;
20240922_195321(1).jpg;22.09.2024;19:53:21;;;Терехово;11;высокая;"без надёжной привязки; 16 серий между «Савёловская» и «Тёплый Стан» выстроены вдоль пути (16 станций между ними), серия 8 по времени попадает на «Терехово»; серий ровно столько, сколько станций";;
20240922_195557(1).jpg;22.09.2024;19:55:57;55,726329;37,447184;Терехово;11;высокая;"без надёжной привязки; 16 серий между «Савёловская» и «Тёплый Стан» выстроены вдоль пути (16 станций между ними), серия 9 по времени попадает на «Терехово»; серий ровно столько, сколько станций; GPS указывал на «Кунцевская» (489 м) — под землёй координата недостоверна";Кунцевская;489
20240922_195605(1).jpg;22.09.2024;19:56:05;55,726329;37,447184;Терехово;11;высокая;"без надёжной привязки; 16 серий между «Савёловская» и «Тёплый Стан» выстроены вдоль пути (16 станций между ними), серия 9 по времени попадает на «Терехово»; серий ровно столько, сколько станций; GPS указывал на «Кунцевская» (489 м) — под землёй координата недостоверна";Кунцевская;489
20240922_195607(1).jpg;22.09.2024;19:56:07;55,726329;37,447184;Терехово;11;высокая;"без надёжной привязки; 16 серий между «Савёловская» и «Тёплый Стан» выстроены вдоль пути (16 станций между ними), серия 9 по времени попадает на «Терехово»; серий ровно столько, сколько станций; GPS указывал на «Кунцевская» (489 м) — под землёй координата недостоверна";Кунцевская;489
20240922_195834(1).jpg;22.09.2024;19:58:34;;;Кунцевская;11/3/4;высокая;"без надёжной привязки; 16 серий между «Савёловская» и «Тёплый Стан» выстроены вдоль пути (16 станций между ними), серия 10 по времени попадает на «Кунцевская»; серий ровно столько, сколько станций";;
20240922_195838(1).jpg;22.09.2024;19:58:38;;;Кунцевская;11/3/4;высокая;"без надёжной привязки; 16 серий между «Савёловская» и «Тёплый Стан» выстроены вдоль пути (16 станций между ними), серия 10 по времени попадает на «Кунцевская»; серий ровно столько, сколько станций";;
20240922_195841(1).jpg;22.09.2024;19:58:41;;;Кунцевская;11/3/4;высокая;"без надёжной привязки; 16 серий между «Савёловская» и «Тёплый Стан» выстроены вдоль пути (16 станций между ними), серия 10 по времени попадает на «Кунцевская»; серий ровно столько, сколько станций";;
20240922_195844(1).jpg;22.09.2024;19:58:44;;;Кунцевская;11/3/4;высокая;"без надёжной привязки; 16 серий между «Савёловская» и «Тёплый Стан» выстроены вдоль пути (16 станций между ними), серия 10 по времени попадает на «Кунцевская»; серий ровно столько, сколько станций";;
20240922_200110(1).jpg;22.09.2024;20:01:10;55,672400;37,502749;Давыдково;11;высокая;"без надёжной привязки; 16 серий между «Савёловская» и «Тёплый Стан» выстроены вдоль пути (16 станций между ними), серия 11 по времени попадает на «Давыдково»; серий ровно столько, сколько станций; GPS указывал на «Проспект Вернадского» (576 м) — под землёй координата недостоверна";Проспект Вернадского;576
20240922_200116(1).jpg;22.09.2024;20:01:16;55,672400;37,502749;Давыдково;11;высокая;"без надёжной привязки; 16 серий между «Савёловская» и «Тёплый Стан» выстроены вдоль пути (16 станций между ними), серия 11 по времени попадает на «Давыдково»; серий ровно столько, сколько станций; GPS указывал на «Проспект Вернадского» (576 м) — под землёй координата недостоверна";Проспект Вернадского;576
20240922_200121(1).jpg;22.09.2024;20:01:21;55,672400;37,502749;Давыдково;11;высокая;"без надёжной привязки; 16 серий между «Савёловская» и «Тёплый Стан» выстроены вдоль пути (16 станций между ними), серия 11 по времени попадает на «Давыдково»; серий ровно столько, сколько станций; GPS указывал на «Проспект Вернадского» (576 м) — под землёй координата недостоверна";Проспект Вернадского;576
20240922_200331(1).jpg;22.09.2024;20:03:31;;;Давыдково;11;высокая;"без надёжной привязки; 16 серий между «Савёловская» и «Тёплый Стан» выстроены вдоль пути (16 станций между ними), серия 12 по времени попадает на «Давыдково»; серий ровно столько, сколько станций";;
20240922_200333(1).jpg;22.09.2024;20:03:33;;;Давыдково;11;высокая;"без надёжной привязки; 16 серий между «Савёловская» и «Тёплый Стан» выстроены вдоль пути (16 станций между ними), серия 12 по времени попадает на «Давыдково»; серий ровно столько, сколько станций";;
20240922_200338(1).jpg;22.09.2024;20:03:38;;;Давыдково;11;высокая;"без надёжной привязки; 16 серий между «Савёловская» и «Тёплый Стан» выстроены вдоль пути (16 станций между ними), серия 12 по времени попадает на «Давыдково»; серий ровно столько, сколько станций";;
20240922_200422(1).jpg;22.09.2024;20:04:22;;;Давыдково;11;высокая;"без надёжной привязки; 16 серий между «Савёловская» и «Тёплый Стан» выстроены вдоль пути (16 станций между ними), серия 12 по времени попадает на «Давыдково»; серий ровно столько, сколько станций";;
20240922_200437(1).jpg;22.09.2024;20:04:37;;;Давыдково;11;высокая;"без надёжной привязки; 16 серий между «Савёловская» и «Тёплый Стан» выстроены вдоль пути (16 станций между ними), серия 12 по времени попадает на «Давыдково»; серий ровно столько, сколько станций";;
20240922_200444(1).jpg;22.09.2024;20:04:44;;;Давыдково;11;высокая;"без надёжной привязки; 16 серий между «Савёловская» и «Тёплый Стан» выстроены вдоль пути (16 станций между ними), серия 12 по времени попадает на «Давыдково»; серий ровно столько, сколько станций";;
20240922_200529(1).jpg;22.09.2024;20:05:29;;;Давыдково;11;высокая;"без надёжной привязки; 16 серий между «Савёловская» и «Тёплый Стан» выстроены вдоль пути (16 станций между ними), серия 12 по времени попадает на «Давыдково»; серий ровно столько, сколько станций";;
20240922_200533(1).jpg;22.09.2024;20:05:33;;;Давыдково;11;высокая;"без надёжной привязки; 16 серий между «Савёловская» и «Тёплый Стан» выстроены вдоль пути (16 станций между ними), серия 12 по времени попадает на «Давыдково»; серий ровно столько, сколько станций";;
20240922_200625(1).jpg;22.09.2024;20:06:25;;;Давыдково;11;высокая;"без надёжной привязки; 16 серий между «Савёловская» и «Тёплый Стан» выстроены вдоль пути (16 станций между ними), серия 12 по времени попадает на «Давыдково»; серий ровно столько, сколько станций";;
20240922_200727(1).jpg;22.09.2024;20:07:27;;;Давыдково;11;высокая;"без надёжной привязки; 16 серий между «Савёловская» и «Тёплый Стан» выстроены вдоль пути (16 станций между ними), серия 12 по времени попадает на «Давыдково»; серий ровно столько, сколько станций";;
20240922_200907(1).jpg;22.09.2024;20:09:07;;;Аминьевская;11;высокая;"без надёжной привязки; 16 серий между «Савёловская» и «Тёплый Стан» выстроены вдоль пути (16 станций между ними), серия 13 по времени попадает на «Аминьевская»; серий ровно столько, сколько станций";;
20240922_200914(1).jpg;22.09.2024;20:09:14;;;Аминьевская;11;высокая;"без надёжной привязки; 16 серий между «Савёловская» и «Тёплый Стан» выстроены вдоль пути (16 станций между ними), серия 13 по времени попадает на «Аминьевская»; серий ровно столько, сколько станций";;
20240922_201110(1).jpg;22.09.2024;20:11:10;;;Мичуринский проспект;11/8А;высокая;"без надёжной привязки; 16 серий между «Савёловская» и «Тёплый Стан» выстроены вдоль пути (16 станций между ними), серия 14 по времени попадает на «Мичуринский проспект»; серий ровно столько, сколько станций";;
20240922_201112(1).jpg;22.09.2024;20:11:12;;;Мичуринский проспект;11/8А;высокая;"без надёжной привязки; 16 серий между «Савёловская» и «Тёплый Стан» выстроены вдоль пути (16 станций между ними), серия 14 по времени попадает на «Мичуринский проспект»; серий ровно столько, сколько станций";;
20240922_201443(1).jpg;22.09.2024;20:14:43;;;Проспект Вернадского;1/11;высокая;"без надёжной привязки; 16 серий между «Савёловская» и «Тёплый Стан» выстроены вдоль пути (16 станций между ними), серия 15 по времени попадает на «Проспект Вернадского»; серий ровно столько, сколько станций";;
20240922_201447(1).jpg;22.09.2024;20:14:47;;;Проспект Вернадского;1/11;высокая;"без надёжной привязки; 16 серий между «Савёловская» и «Тёплый Стан» выстроены вдоль пути (16 станций между ними), серия 15 по времени попадает на «Проспект Вернадского»; серий ровно столько, сколько станций";;
20240922_201638(1).jpg;22.09.2024;20:16:38;;;Новаторская;11/16;высокая;"без надёжной привязки; 16 серий между «Савёловская» и «Тёплый Стан» выстроены вдоль пути (16 станций между ними), серия 16 по времени попадает на «Новаторская»; серий ровно столько, сколько станций";;
20240922_201648(1).jpg;22.09.2024;20:16:48;;;Новаторская;11/16;высокая;"без надёжной привязки; 16 серий между «Савёловская» и «Тёплый Стан» выстроены вдоль пути (16 станций между ними), серия 16 по времени попадает на «Новаторская»; серий ровно столько, сколько станций";;
20240922_201653(1).jpg;22.09.2024;20:16:53;;;Новаторская;11/16;высокая;"без надёжной привязки; 16 серий между «Савёловская» и «Тёплый Стан» выстроены вдоль пути (16 станций между ними), серия 16 по времени попадает на «Новаторская»; серий ровно столько, сколько станций";;
20240922_201727(1).jpg;22.09.2024;20:17:27;;;Новаторская;11/16;высокая;"без надёжной привязки; 16 серий между «Савёловская» и «Тёплый Стан» выстроены вдоль пути (16 станций между ними), серия 16 по времени попадает на «Новаторская»; серий ровно столько, сколько станций";;
20240922_201732(1).jpg;22.09.2024;20:17:32;;;Новаторская;11/16;высокая;"без надёжной привязки; 16 серий между «Савёловская» и «Тёплый Стан» выстроены вдоль пути (16 станций между ними), серия 16 по времени попадает на «Новаторская»; серий ровно столько, сколько станций";;
20240922_201737(1).jpg;22.09.2024;20:17:37;;;Новаторская;11/16;высокая;"без надёжной привязки; 16 серий между «Савёловская» и «Тёплый Стан» выстроены вдоль пути (16 станций между ними), серия 16 по времени попадает на «Новаторская»; серий ровно столько, сколько станций";;
20240922_201740(1).jpg;22.09.2024;20:17:40;;;Новаторская;11/16;высокая;"без надёжной привязки; 16 серий между «Савёловская» и «Тёплый Стан» выстроены вдоль пути (16 станций между ними), серия 16 по времени попадает на «Новаторская»; серий ровно столько, сколько станций";;
20240922_201756(1).jpg;22.09.2024;20:17:56;;;Новаторская;11/16;высокая;"без надёжной привязки; 16 серий между «Савёловская» и «Тёплый Стан» выстроены вдоль пути (16 станций между ними), серия 16 по времени попадает на «Новаторская»; серий ровно столько, сколько станций";;
20240922_201808(1).jpg;22.09.2024;20:18:08;;;Новаторская;11/16;высокая;"без надёжной привязки; 16 серий между «Савёловская» и «Тёплый Стан» выстроены вдоль пути (16 станций между ними), серия 16 по времени попадает на «Новаторская»; серий ровно столько, сколько станций";;
20240922_201831(1).jpg;22.09.2024;20:18:31;;;Новаторская;11/16;высокая;"без надёжной привязки; 16 серий между «Савёловская» и «Тёплый Стан» выстроены вдоль пути (16 станций между ними), серия 16 по времени попадает на «Новаторская»; серий ровно столько, сколько станций";;
20240922_201913(1).jpg;22.09.2024;20:19:13;;;Новаторская;11/16;высокая;"без надёжной привязки; 16 серий между «Савёловская» и «Тёплый Стан» выстроены вдоль пути (16 станций между ними), серия 16 по времени попадает на «Новаторская»; серий ровно столько, сколько станций";;
20240922_201920(1).jpg;22.09.2024;20:19:20;;;Новаторская;11/16;высокая;"без надёжной привязки; 16 серий между «Савёловская» и «Тёплый Стан» выстроены вдоль пути (16 станций между ними), серия 16 по времени попадает на «Новаторская»; серий ровно столько, сколько станций";;
20240922_204242(1).jpg;22.09.2024;20:42:42;55,619500;37,507519;Тёплый Стан;6;высокая;свежий GPS в 83 м, согласуется с соседями по времени езды;Тёплый Стан;83
20240922_204245(1).jpg;22.09.2024;20:42:45;55,619500;37,507519;Тёплый Стан;6;высокая;свежий GPS в 83 м, согласуется с соседями по времени езды;Тёплый Стан;83
20240922_204246(1).jpg;22.09.2024;20:42:46;55,619500;37,507519;Тёплый Стан;6;высокая;свежий GPS в 83 м, согласуется с соседями по времени езды;Тёплый Стан;83
20240922_204544(1).jpg;22.09.2024;20:45:44;55,606468;37,532354;Ясенево;6;высокая;свежий GPS в 69 м, согласуется с соседями по времени езды;Ясенево;69
20240922_204548(1).jpg;22.09.2024;20:45:48;55,606468;37,532354;Ясенево;6;высокая;свежий GPS в 69 м, согласуется с соседями по времени езды;Ясенево;69
20240922_204603(1).jpg;22.09.2024;20:46:03;55,606468;37,532354;Ясенево;6;высокая;свежий GPS в 69 м, согласуется с соседями по времени езды;Ясенево;69
20240922_204821(1).jpg;22.09.2024;20:48:21;55,601469;37,553229;Новоясеневская;6;высокая;свежий GPS в 78 м, согласуется с соседями по времени езды;Новоясеневская;78
20240922_204845(1).jpg;22.09.2024;20:48:45;55,601469;37,553229;Новоясеневская;6;высокая;свежий GPS в 78 м, согласуется с соседями по времени езды;Новоясеневская;78
20240922_205027(1).jpg;22.09.2024;20:50:27;55,610371;37,528676;Новоясеневская;6;средняя;"без надёжной привязки; 1 серий между «Новоясеневская» и «Битцевский парк» выстроены вдоль пути (0 станций между ними), серия 1 по времени попадает на «Новоясеневская»; GPS указывал на «Ясенево» (541 м) — под землёй координата недостоверна";Ясенево;541
20240922_205032(1).jpg;22.09.2024;20:50:32;55,610371;37,528676;Новоясеневская;6;средняя;"без надёжной привязки; 1 серий между «Новоясеневская» и «Битцевский парк» выстроены вдоль пути (0 станций между ними), серия 1 по времени попадает на «Новоясеневская»; GPS указывал на «Ясенево» (541 м) — под землёй координата недостоверна";Ясенево;541
20240922_205045(1).jpg;22.09.2024;20:50:45;55,610371;37,528676;Битцевский парк;12;высокая;"название станции прочитано на кадре; GPS указывал на «Ясенево» (541 м) — под землёй координата недостоверна";Ясенево;541
20240922_205116(1).jpg;22.09.2024;20:51:16;55,566033;37,573151;Битцевский парк;12;средняя;"без надёжной привязки; 1 серий между «Битцевский парк» и «Лесопарковая» выстроены вдоль пути (0 станций между ними), серия 1 по времени попадает на «Битцевский парк»; GPS указывал на «Улица Старокачаловская» (392 м) — под землёй координата недостоверна";Улица Старокачаловская;392
20240922_205123(1).jpg;22.09.2024;20:51:23;55,566033;37,573151;Битцевский парк;12;средняя;"без надёжной привязки; 1 серий между «Битцевский парк» и «Лесопарковая» выстроены вдоль пути (0 станций между ними), серия 1 по времени попадает на «Битцевский парк»; GPS указывал на «Улица Старокачаловская» (392 м) — под землёй координата недостоверна";Улица Старокачаловская;392
20240922_205536(1).jpg;22.09.2024;20:55:36;55,582106;37,576672;Лесопарковая;12;высокая;свежий GPS в 14 м, согласуется с соседями по времени езды;Лесопарковая;14
20240922_205540(1).jpg;22.09.2024;20:55:40;55,582106;37,576672;Лесопарковая;12;высокая;свежий GPS в 14 м, согласуется с соседями по времени езды;Лесопарковая;14
20240922_205905(1).jpg;22.09.2024;20:59:05;55,555080;37,560722;Улица Старокачаловская;12;высокая;"без надёжной привязки; 1 серий между «Лесопарковая» и «Улица Скобелевская» выстроены вдоль пути (1 станций между ними), серия 1 по времени попадает на «Улица Старокачаловская»; серий ровно столько, сколько станций; GPS указывал на «Улица Скобелевская» (865 м) — под землёй координата недостоверна";Улица Скобелевская;865
20240922_205909(1).jpg;22.09.2024;20:59:09;55,555080;37,560722;Улица Старокачаловская;12;высокая;"без надёжной привязки; 1 серий между «Лесопарковая» и «Улица Скобелевская» выстроены вдоль пути (1 станций между ними), серия 1 по времени попадает на «Улица Старокачаловская»; серий ровно столько, сколько станций; GPS указывал на «Улица Скобелевская» (865 м) — под землёй координата недостоверна";Улица Скобелевская;865
20240922_210409(1).jpg;22.09.2024;21:04:09;55,548201;37,554818;Улица Скобелевская;12;высокая;свежий GPS в 16 м, согласуется с соседями по времени езды;Улица Скобелевская;16
20240922_210412(1).jpg;22.09.2024;21:04:12;55,548188;37,554828;Улица Скобелевская;12;высокая;свежий GPS в 16 м, согласуется с соседями по времени езды;Улица Скобелевская;16
20240922_210631(1).jpg;22.09.2024;21:06:31;55,545375;37,543400;Бульвар Адмирала Ушакова;12;высокая;свежий GPS в 14 м, согласуется с соседями по времени езды;Бульвар Адмирала Ушакова;14
20240922_210633(1).jpg;22.09.2024;21:06:33;55,545375;37,543400;Бульвар Адмирала Ушакова;12;высокая;свежий GPS в 14 м, согласуется с соседями по времени езды;Бульвар Адмирала Ушакова;14
20240922_210856(1).jpg;22.09.2024;21:08:56;55,541717;37,530844;Улица Горчакова;12;высокая;свежий GPS в 8 м, согласуется с соседями по времени езды;Улица Горчакова;8
20240922_210858(1).jpg;22.09.2024;21:08:58;55,541717;37,530844;Улица Горчакова;12;высокая;свежий GPS в 8 м, согласуется с соседями по времени езды;Улица Горчакова;8
20240922_211133(1).jpg;22.09.2024;21:11:33;55,538135;37,516472;Бунинская аллея;12;высокая;свежий GPS в 5 м, согласуется с соседями по времени езды;Бунинская аллея;5
20240922_211144(1).jpg;22.09.2024;21:11:44;55,538131;37,516518;Бунинская аллея;12;высокая;свежий GPS в 3 м, согласуется с соседями по времени езды;Бунинская аллея;3
20240922_211154(1).jpg;22.09.2024;21:11:54;55,538131;37,516518;Бунинская аллея;12;высокая;свежий GPS в 3 м, согласуется с соседями по времени езды;Бунинская аллея;3
20240922_211258(1).jpg;22.09.2024;21:12:58;55,538074;37,516434;Бунинская аллея;12;высокая;свежий GPS в 11 м, согласуется с соседями по времени езды;Бунинская аллея;11
20240922_211302(1).jpg;22.09.2024;21:13:02;55,538074;37,516434;Бунинская аллея;12;высокая;свежий GPS в 11 м, согласуется с соседями по времени езды;Бунинская аллея;11
20240922_212919(1).jpg;22.09.2024;21:29:19;55,569752;37,577132;Бульвар Дмитрия Донского;9;высокая;свежий GPS в 59 м, согласуется с соседями по времени езды;Бульвар Дмитрия Донского;59
20240922_212929(1).jpg;22.09.2024;21:29:29;55,569752;37,577132;Бульвар Дмитрия Донского;9;высокая;свежий GPS в 59 м, согласуется с соседями по времени езды;Бульвар Дмитрия Донского;59
20240922_213303(1).jpg;22.09.2024;21:33:03;55,582644;37,596541;Аннино;9;высокая;свежий GPS в 13 м, согласуется с соседями по времени езды;Аннино;13
20240922_213307(1).jpg;22.09.2024;21:33:07;55,582644;37,596541;Аннино;9;высокая;свежий GPS в 13 м, согласуется с соседями по времени езды;Аннино;13
20240922_213541(1).jpg;22.09.2024;21:35:41;55,595872;37,600499;Улица Академика Янгеля;9;высокая;свежий GPS в 99 м, согласуется с соседями по времени езды;Улица Академика Янгеля;99
20240922_213546(1).jpg;22.09.2024;21:35:46;55,595872;37,600499;Улица Академика Янгеля;9;высокая;свежий GPS в 99 м, согласуется с соседями по времени езды;Улица Академика Янгеля;99
20240922_213820(1).jpg;22.09.2024;21:38:20;55,613117;37,604782;Пражская;9;высокая;свежий GPS в 84 м, согласуется с соседями по времени езды;Пражская;84
20240922_213823(1).jpg;22.09.2024;21:38:23;55,613117;37,604782;Пражская;9;высокая;свежий GPS в 84 м, согласуется с соседями по времени езды;Пражская;84
20240922_214011(1).jpg;22.09.2024;21:40:11;55,623016;37,609574;Южная;9;высокая;свежий GPS в 87 м, согласуется с соседями по времени езды;Южная;87
20240922_214016(1).jpg;22.09.2024;21:40:16;55,623016;37,609574;Южная;9;высокая;свежий GPS в 87 м, согласуется с соседями по времени езды;Южная;87
20240922_214316(1).jpg;22.09.2024;21:43:16;55,639954;37,607826;Чертановская;9;высокая;свежий GPS в 90 м, согласуется с соседями по времени езды;Чертановская;90
20240922_214325(1).jpg;22.09.2024;21:43:25;55,639954;37,607826;Чертановская;9;высокая;свежий GPS в 90 м, согласуется с соседями по времени езды;Чертановская;90
20240922_214528(1).jpg;22.09.2024;21:45:27;55,644268;37,603982;Севастопольская;9;средняя;"без надёжной привязки; 1 серий между «Чертановская» и «Севастопольская» выстроены вдоль пути (0 станций между ними), серия 1 по времени попадает на «Севастопольская»; GPS указывал на «Чертановская» (457 м) — под землёй координата недостоверна";Чертановская;457
20240922_214531(1).jpg;22.09.2024;21:45:31;55,644268;37,603982;Севастопольская;9;средняя;"без надёжной привязки; 1 серий между «Чертановская» и «Севастопольская» выстроены вдоль пути (0 станций между ними), серия 1 по времени попадает на «Севастопольская»; GPS указывал на «Чертановская» (457 м) — под землёй координата недостоверна";Чертановская;457
20240922_214549(1).jpg;22.09.2024;21:45:49;55,647033;37,599671;Севастопольская;9;средняя;"без надёжной привязки; 1 серий между «Чертановская» и «Севастопольская» выстроены вдоль пути (0 станций между ними), серия 1 по времени попадает на «Севастопольская»";Севастопольская;632
20240922_214552(1).jpg;22.09.2024;21:45:52;55,647033;37,599671;Севастопольская;9;высокая;название станции прочитано на кадре;Севастопольская;632
20240922_215342(1).jpg;22.09.2024;21:53:42;55,683223;37,665239;Каширская;11/2;средняя;"без надёжной привязки; 1 серий между «Севастопольская» и «Каширская» выстроены вдоль пути (2 станций между ними), серия 1 по времени попадает на «Каширская»; GPS указывал на «Коломенская» (534 м) — под землёй координата недостоверна";Коломенская;534
20240922_215353(1).jpg;22.09.2024;21:53:53;55,683223;37,665239;Каширская;11/2;средняя;"станция узнана по виду на кадре (без надписи); GPS указывал на «Коломенская» (534 м) — под землёй координата недостоверна";Коломенская;534
20240922_215733(1).jpg;22.09.2024;21:57:33;55,635603;37,656664;Кантемировская;2;высокая;свежий GPS в 17 м, согласуется с соседями по времени езды;Кантемировская;17
20240922_215735(1).jpg;22.09.2024;21:57:36;55,635603;37,656664;Кантемировская;2;высокая;свежий GPS в 17 м, согласуется с соседями по времени езды;Кантемировская;17
20240922_215738(1).jpg;22.09.2024;21:57:38;55,635603;37,656664;Кантемировская;2;высокая;свежий GPS в 17 м, согласуется с соседями по времени езды;Кантемировская;17
20240922_220022(1).jpg;22.09.2024;22:00:22;55,658210;37,660185;Царицыно;2;высокая;"без надёжной привязки; 1 серий между «Кантемировская» и «Орехово» выстроены вдоль пути (1 станций между ними), серия 1 по времени попадает на «Царицыно»; серий ровно столько, сколько станций; GPS указывал на «Каширская» (798 м) — под землёй координата недостоверна";Каширская;798
20240922_220026(1).jpg;22.09.2024;22:00:26;55,658210;37,660185;Царицыно;2;высокая;"без надёжной привязки; 1 серий между «Кантемировская» и «Орехово» выстроены вдоль пути (1 станций между ними), серия 1 по времени попадает на «Царицыно»; серий ровно столько, сколько станций; GPS указывал на «Каширская» (798 м) — под землёй координата недостоверна";Каширская;798
20240922_220325(1).jpg;22.09.2024;22:03:25;55,613146;37,695086;Орехово;2;высокая;свежий GPS в 7 м, согласуется с соседями по времени езды;Орехово;7
20240922_220331(1).jpg;22.09.2024;22:03:31;55,613146;37,695086;Орехово;2;высокая;свежий GPS в 7 м, согласуется с соседями по времени езды;Орехово;7
20240922_220747(1).jpg;22.09.2024;22:07:47;55,610422;37,724060;Домодедовская;2;высокая;"без надёжной привязки; 1 серий между «Орехово» и «Красногвардейская» выстроены вдоль пути (1 станций между ними), серия 1 по времени попадает на «Домодедовская»; серий ровно столько, сколько станций";Домодедовская;338
20240922_220754(1).jpg;22.09.2024;22:07:54;55,610422;37,724060;Домодедовская;2;высокая;"без надёжной привязки; 1 серий между «Орехово» и «Красногвардейская» выстроены вдоль пути (1 станций между ними), серия 1 по времени попадает на «Домодедовская»; серий ровно столько, сколько станций";Домодедовская;338
20240922_221011(1).jpg;22.09.2024;22:10:11;55,613589;37,744809;Красногвардейская;2;высокая;свежий GPS в 26 м, согласуется с соседями по времени езды;Красногвардейская;26
20240922_221015(1).jpg;22.09.2024;22:10:15;55,613589;37,744809;Красногвардейская;2;высокая;свежий GPS в 26 м, согласуется с соседями по времени езды;Красногвардейская;26
20240922_221548(1).jpg;22.09.2024;22:15:48;55,632723;37,765910;Алма-Атинская;2;высокая;свежий GPS в 9 м, согласуется с соседями по времени езды;Алма-Атинская;9
20240922_221555(1).jpg;22.09.2024;22:15:55;55,632723;37,765910;Алма-Атинская;2;высокая;свежий GPS в 9 м, согласуется с соседями по времени езды;Алма-Атинская;9
20240922_221603(1).jpg;22.09.2024;22:16:03;55,632723;37,765910;Алма-Атинская;2;высокая;свежий GPS в 9 м, согласуется с соседями по времени езды;Алма-Атинская;9
20240922_222158(1).jpg;22.09.2024;22:21:58;55,613216;37,745258;Зябликово;10;высокая;"без надёжной привязки; 1 серий между «Алма-Атинская» и «Зябликово» выстроены вдоль пути (1 станций между ними), серия 1 по времени попадает на «Зябликово»; серий ровно столько, сколько станций; GPS указывал на «Красногвардейская» (74 м) — под землёй координата недостоверна";Красногвардейская;74
20240922_222215(1).jpg;22.09.2024;22:22:15;55,613216;37,745258;Зябликово;10;высокая;"без надёжной привязки; 1 серий между «Алма-Атинская» и «Зябликово» выстроены вдоль пути (1 станций между ними), серия 1 по времени попадает на «Зябликово»; серий ровно столько, сколько станций; GPS указывал на «Красногвардейская» (74 м) — под землёй координата недостоверна";Красногвардейская;74
20240922_222302(1).jpg;22.09.2024;22:23:02;55,612854;37,745167;Зябликово;10;высокая;свежий GPS в 69 м, согласуется с соседями по времени езды;Зябликово;69
20240922_222309(1).jpg;22.09.2024;22:23:09;55,612854;37,745167;Зябликово;10;высокая;свежий GPS в 69 м, согласуется с соседями по времени езды;Зябликово;69
20240922_222344(1).jpg;22.09.2024;22:23:44;55,612695;37,745151;Зябликово;10;высокая;свежий GPS в 51 м, согласуется с соседями по времени езды;Зябликово;51
20240922_222622(1).jpg;22.09.2024;22:26:22;55,620778;37,743626;Шипиловская;10;высокая;свежий GPS в 28 м, согласуется с соседями по времени езды;Шипиловская;28
20240922_222845(1).jpg;22.09.2024;22:28:45;55,632797;37,743163;Борисово;10;высокая;свежий GPS в 67 м, согласуется с соседями по времени езды;Борисово;67
20240922_222848(1).jpg;22.09.2024;22:28:48;55,632797;37,743163;Борисово;10;высокая;свежий GPS в 67 м, согласуется с соседями по времени езды;Борисово;67
20240922_223134(1).jpg;22.09.2024;22:31:34;55,649976;37,743432;Марьино;10;высокая;свежий GPS в 18 м, согласуется с соседями по времени езды;Марьино;18
20240922_223138(1).jpg;22.09.2024;22:31:38;55,649976;37,743432;Марьино;10;высокая;свежий GPS в 18 м, согласуется с соседями по времени езды;Марьино;18
20240922_223139(1).jpg;22.09.2024;22:31:39;55,649976;37,743432;Марьино;10;высокая;свежий GPS в 18 м, согласуется с соседями по времени езды;Марьино;18
20240922_223142(1).jpg;22.09.2024;22:31:42;55,649976;37,743432;Марьино;10;высокая;свежий GPS в 18 м, согласуется с соседями по времени езды;Марьино;18
20240922_223338(1).jpg;22.09.2024;22:33:38;55,659274;37,749462;Братиславская;10;высокая;свежий GPS в 92 м, согласуется с соседями по времени езды;Братиславская;92
20240922_223341(1).jpg;22.09.2024;22:33:41;55,659274;37,749462;Братиславская;10;высокая;свежий GPS в 92 м, согласуется с соседями по времени езды;Братиславская;92
20240922_223643(1).jpg;22.09.2024;22:36:43;55,675682;37,761829;Люблино;10;высокая;свежий GPS в 9 м, согласуется с соседями по времени езды;Люблино;9
20240922_223648(1).jpg;22.09.2024;22:36:48;55,675682;37,761829;Люблино;10;высокая;свежий GPS в 9 м, согласуется с соседями по времени езды;Люблино;9
20240922_223952(1).jpg;22.09.2024;22:39:52;55,690978;37,753011;Волжская;10;высокая;свежий GPS в 18 м, согласуется с соседями по времени езды;Волжская;18
20240922_223956(1).jpg;22.09.2024;22:39:56;55,690978;37,753011;Волжская;10;высокая;свежий GPS в 18 м, согласуется с соседями по времени езды;Волжская;18
20240922_224255(1).jpg;22.09.2024;22:42:55;55,693154;37,727896;Печатники;10/11;высокая;свежий GPS в 70 м, согласуется с соседями по времени езды;Печатники;70
20240922_224258(1).jpg;22.09.2024;22:42:58;55,693305;37,727512;Печатники;10/11;высокая;свежий GPS в 41 м, согласуется с соседями по времени езды;Печатники;41
20240922_224305(1).jpg;22.09.2024;22:43:05;55,693305;37,727512;Печатники;10/11;высокая;свежий GPS в 41 м, согласуется с соседями по времени езды;Печатники;41
20240922_224641(1).jpg;22.09.2024;22:46:40;55,707277;37,684918;Кожуховская;10;высокая;свежий GPS в 27 м, согласуется с соседями по времени езды;Кожуховская;27
20240922_224643(1).jpg;22.09.2024;22:46:43;55,707277;37,684918;Кожуховская;10;высокая;свежий GPS в 27 м, согласуется с соседями по времени езды;Кожуховская;27
20240922_224903(1).jpg;22.09.2024;22:49:03;55,718650;37,676598;Дубровка;10/МЦК;высокая;свежий GPS в 91 м, согласуется с соседями по времени езды;Дубровка;91
20240922_225134(1).jpg;22.09.2024;22:51:34;55,704654;37,704035;Крестьянская Застава;10;высокая;"без надёжной привязки; 4 серий между «Дубровка» и «Трубная» выстроены вдоль пути (4 станций между ними), серия 1 по времени попадает на «Крестьянская Застава»; серий ровно столько, сколько станций; GPS указывал на «Кожуховская» (1252 м) — под землёй координата недостоверна";Кожуховская;1252
20240922_225138(1).jpg;22.09.2024;22:51:38;55,704654;37,704035;Крестьянская Застава;10;высокая;"без надёжной привязки; 4 серий между «Дубровка» и «Трубная» выстроены вдоль пути (4 станций между ними), серия 1 по времени попадает на «Крестьянская Застава»; серий ровно столько, сколько станций; GPS указывал на «Кожуховская» (1252 м) — под землёй координата недостоверна";Кожуховская;1252
20240922_225404(1).jpg;22.09.2024;22:54:05;55,729904;37,700577;Римская;10;высокая;"без надёжной привязки; 4 серий между «Дубровка» и «Трубная» выстроены вдоль пути (4 станций между ними), серия 2 по времени попадает на «Римская»; серий ровно столько, сколько станций; GPS указывал на «Новохохловская» (937 м) — под землёй координата недостоверна";Новохохловская;937
20240922_225409(1).jpg;22.09.2024;22:54:09;55,729904;37,700577;Римская;10;высокая;"без надёжной привязки; 4 серий между «Дубровка» и «Трубная» выстроены вдоль пути (4 станций между ними), серия 2 по времени попадает на «Римская»; серий ровно столько, сколько станций; GPS указывал на «Новохохловская» (937 м) — под землёй координата недостоверна";Новохохловская;937
20240922_225657(1).jpg;22.09.2024;22:56:57;55,772128;37,681200;Чкаловская;10;высокая;"без надёжной привязки; 4 серий между «Дубровка» и «Трубная» выстроены вдоль пути (4 станций между ними), серия 3 по времени попадает на «Чкаловская»; серий ровно столько, сколько станций; GPS указывал на «Бауманская» (109 м) — под землёй координата недостоверна";Бауманская;109
20240922_225705(1).jpg;22.09.2024;22:57:05;55,772128;37,681200;Чкаловская;10;высокая;"без надёжной привязки; 4 серий между «Дубровка» и «Трубная» выстроены вдоль пути (4 станций между ними), серия 3 по времени попадает на «Чкаловская»; серий ровно столько, сколько станций; GPS указывал на «Бауманская» (109 м) — под землёй координата недостоверна";Бауманская;109
20240922_225711(1).jpg;22.09.2024;22:57:11;55,772157;37,681090;Чкаловская;10;высокая;"без надёжной привязки; 4 серий между «Дубровка» и «Трубная» выстроены вдоль пути (4 станций между ними), серия 3 по времени попадает на «Чкаловская»; серий ровно столько, сколько станций; GPS указывал на «Бауманская» (104 м) — под землёй координата недостоверна";Бауманская;104
20240922_225924(1).jpg;22.09.2024;22:59:24;55,772158;37,681109;Сретенский бульвар;10;высокая;"без надёжной привязки; 4 серий между «Дубровка» и «Трубная» выстроены вдоль пути (4 станций между ними), серия 4 по времени попадает на «Сретенский бульвар»; серий ровно столько, сколько станций; GPS указывал на «Бауманская» (104 м) — под землёй координата недостоверна";Бауманская;104
20240922_225926(1).jpg;22.09.2024;22:59:26;55,772158;37,681109;Сретенский бульвар;10;высокая;"без надёжной привязки; 4 серий между «Дубровка» и «Трубная» выстроены вдоль пути (4 станций между ними), серия 4 по времени попадает на «Сретенский бульвар»; серий ровно столько, сколько станций; GPS указывал на «Бауманская» (104 м) — под землёй координата недостоверна";Бауманская;104
20240922_225933(1).jpg;22.09.2024;22:59:33;55,772158;37,681109;Сретенский бульвар;10;высокая;"без надёжной привязки; 4 серий между «Дубровка» и «Трубная» выстроены вдоль пути (4 станций между ними), серия 4 по времени попадает на «Сретенский бульвар»; серий ровно столько, сколько станций; GPS указывал на «Бауманская» (104 м) — под землёй координата недостоверна";Бауманская;104
20240922_225947(1).jpg;22.09.2024;22:59:47;55,772158;37,681109;Сретенский бульвар;10;высокая;"без надёжной привязки; 4 серий между «Дубровка» и «Трубная» выстроены вдоль пути (4 станций между ними), серия 4 по времени попадает на «Сретенский бульвар»; серий ровно столько, сколько станций; GPS указывал на «Бауманская» (104 м) — под землёй координата недостоверна";Бауманская;104
20240922_230138(1).jpg;22.09.2024;23:01:38;55,768846;37,620866;Трубная;10;высокая;свежий GPS в 87 м, согласуется с соседями по времени езды;Трубная;87
20240922_230140(1).jpg;22.09.2024;23:01:41;55,768846;37,620866;Трубная;10;высокая;свежий GPS в 87 м, согласуется с соседями по времени езды;Трубная;87
20240922_230352(1).jpg;22.09.2024;23:03:52;55,781339;37,614437;Достоевская;10;высокая;свежий GPS в 42 м, согласуется с соседями по времени езды;Достоевская;42
20240922_230719(1).jpg;22.09.2024;23:07:19;55,796217;37,617238;Марьина Роща;10/11;высокая;свежий GPS в 97 м, согласуется с соседями по времени езды;Марьина Роща;97
20240922_230721(1).jpg;22.09.2024;23:07:21;55,796217;37,617238;Марьина Роща;10/11;высокая;свежий GPS в 97 м, согласуется с соседями по времени езды;Марьина Роща;97
20240922_231012(1).jpg;22.09.2024;23:10:12;55,814059;37,601674;Бутырская;10;высокая;свежий GPS в 93 м, согласуется с соседями по времени езды;Бутырская;93
20240922_231014(1).jpg;22.09.2024;23:10:14;55,814059;37,601674;Бутырская;10;высокая;свежий GPS в 93 м, согласуется с соседями по времени езды;Бутырская;93
20240922_231214(1).jpg;22.09.2024;23:12:14;55,822629;37,589059;Фонвизинская;10;высокая;свежий GPS в 94 м, согласуется с соседями по времени езды;Фонвизинская;94
20240922_231220(1).jpg;22.09.2024;23:12:20;55,822629;37,589059;Фонвизинская;10;высокая;свежий GPS в 94 м, согласуется с соседями по времени езды;Фонвизинская;94
20240922_231223(1).jpg;22.09.2024;23:12:23;55,822629;37,589059;Фонвизинская;10;высокая;свежий GPS в 94 м, согласуется с соседями по времени езды;Фонвизинская;94
20240922_231231(1).jpg;22.09.2024;23:12:31;55,822629;37,589059;Фонвизинская;10;высокая;свежий GPS в 94 м, согласуется с соседями по времени езды;Фонвизинская;94
20240922_231505(1).jpg;22.09.2024;23:15:05;55,834070;37,574280;Петровско-Разумовская;10/9;высокая;свежий GPS в 77 м, согласуется с соседями по времени езды;Петровско-Разумовская;77
20240922_231726(1).jpg;22.09.2024;23:17:26;55,846710;37,573374;Окружная;10/МЦК;высокая;свежий GPS в 81 м, согласуется с соседями по времени езды;Окружная;81
20240922_231938(1).jpg;22.09.2024;23:19:38;55,856796;37,560379;Верхние Лихоборы;10;высокая;свежий GPS в 97 м, согласуется с соседями по времени езды;Верхние Лихоборы;97
20240922_232150(1).jpg;22.09.2024;23:21:50;55,866397;37,547130;Селигерская;10;высокая;свежий GPS в 24 м, согласуется с соседями по времени езды;Селигерская;24
20240922_232153(1).jpg;22.09.2024;23:21:53;55,866397;37,547130;Селигерская;10;высокая;свежий GPS в 24 м, согласуется с соседями по времени езды;Селигерская;24
20240922_232411(1).jpg;22.09.2024;23:24:11;55,881334;37,546029;Яхромская;10;высокая;свежий GPS в 166 м, согласуется с соседями по времени езды;Яхромская;166
20240922_232414(1).jpg;22.09.2024;23:24:14;55,881334;37,546029;Яхромская;10;высокая;свежий GPS в 166 м, согласуется с соседями по времени езды;Яхромская;166
20240922_232417(1).jpg;22.09.2024;23:24:17;55,881334;37,546029;Яхромская;10;высокая;свежий GPS в 166 м, согласуется с соседями по времени езды;Яхромская;166
20240922_232650(1).jpg;22.09.2024;23:26:50;55,898345;37,541713;Лианозово;10;высокая;свежий GPS в 186 м, согласуется с соседями по времени езды;Лианозово;186
20240922_232652(1).jpg;22.09.2024;23:26:52;55,898345;37,541713;Лианозово;10;высокая;свежий GPS в 186 м, согласуется с соседями по времени езды;Лианозово;186
20240922_232655(1).jpg;22.09.2024;23:26:55;55,898345;37,541713;Лианозово;10;высокая;свежий GPS в 186 м, согласуется с соседями по времени езды;Лианозово;186
20240922_232657(1).jpg;22.09.2024;23:26:57;55,898345;37,541713;Лианозово;10;высокая;свежий GPS в 186 м, согласуется с соседями по времени езды;Лианозово;186
20240922_233022(1).jpg;22.09.2024;23:30:22;55,922928;37,545862;Физтех;10;высокая;свежий GPS в 148 м, согласуется с соседями по времени езды;Физтех;148
20240922_233026(1).jpg;22.09.2024;23:30:26;55,922928;37,545862;Физтех;10;высокая;свежий GPS в 148 м, согласуется с соседями по времени езды;Физтех;148
20240922_233032(1).jpg;22.09.2024;23:30:32;55,922928;37,545862;Физтех;10;высокая;свежий GPS в 148 м, согласуется с соседями по времени езды;Физтех;148
20240922_233037(1).jpg;22.09.2024;23:30:37;55,922928;37,545862;Физтех;10;высокая;свежий GPS в 148 м, согласуется с соседями по времени езды;Физтех;148
20240922_233218(1).jpg;22.09.2024;23:32:18;55,923111;37,545351;Физтех;10;высокая;свежий GPS в 178 м, согласуется с соседями по времени езды;Физтех;178
20240922_233732(1).jpg;22.09.2024;23:37:32;55,897511;37,543981;Лианозово;10;высокая;свежий GPS в 79 м, согласуется с соседями по времени езды;Лианозово;79
20240922_233735(1).jpg;22.09.2024;23:37:35;55,897511;37,543981;Лианозово;10;высокая;свежий GPS в 79 м, согласуется с соседями по времени езды;Лианозово;79
20240923_001136(1).jpg;23.09.2024;00:11:36;55,879064;37,480382;Ховрино;2;высокая;свежий GPS в 106 м, согласуется с соседями по времени езды;Ховрино;106
20240923_001152(1).jpg;23.09.2024;00:11:52;55,879064;37,480382;Ховрино;2;высокая;свежий GPS в 106 м, согласуется с соседями по времени езды;Ховрино;106
20240923_001835(1).jpg;23.09.2024;00:18:35;55,865410;37,475645;Беломорская;2;высокая;свежий GPS в 69 м, согласуется с соседями по времени езды;Беломорская;69
20240923_001854(1).jpg;23.09.2024;00:18:54;55,865410;37,475645;Беломорская;2;высокая;свежий GPS в 69 м, согласуется с соседями по времени езды;Беломорская;69
20240923_002102(1).jpg;23.09.2024;00:21:02;55,868915;37,479272;Речной вокзал;2;высокая;"без надёжной привязки; 1 серий между «Беломорская» и «Водный стадион» выстроены вдоль пути (1 станций между ними), серия 1 по времени попадает на «Речной вокзал»; серий ровно столько, сколько станций; GPS указывал на «Беломорская» (518 м) — под землёй координата недостоверна";Беломорская;518
20240923_002114(1).jpg;23.09.2024;00:21:14;55,868915;37,479272;Речной вокзал;2;высокая;"без надёжной привязки; 1 серий между «Беломорская» и «Водный стадион» выстроены вдоль пути (1 станций между ними), серия 1 по времени попадает на «Речной вокзал»; серий ровно столько, сколько станций; GPS указывал на «Беломорская» (518 м) — под землёй координата недостоверна";Беломорская;518
20240923_002327(1).jpg;23.09.2024;00:23:27;55,840307;37,486510;Водный стадион;2;высокая;свежий GPS в 30 м, согласуется с соседями по времени езды;Водный стадион;30
20240923_002333(1).jpg;23.09.2024;00:23:33;55,840307;37,486510;Водный стадион;2;высокая;свежий GPS в 30 м, согласуется с соседями по времени езды;Водный стадион;30
20240923_002804(1).jpg;23.09.2024;00:28:04;55,819678;37,497697;Войковская;2;высокая;свежий GPS в 72 м, согласуется с соседями по времени езды;Войковская;72
20240923_002807(1).jpg;23.09.2024;00:28:07;55,819678;37,497697;Войковская;2;высокая;свежий GPS в 72 м, согласуется с соседями по времени езды;Войковская;72
20240923_003058(1).jpg;23.09.2024;00:30:59;55,805325;37,514791;Сокол;2;высокая;свежий GPS в 18 м, согласуется с соседями по времени езды;Сокол;18
20240923_003101(1).jpg;23.09.2024;00:31:01;55,805325;37,514791;Сокол;2;высокая;свежий GPS в 18 м, согласуется с соседями по времени езды;Сокол;18
20240923_003105(1).jpg;23.09.2024;00:31:06;55,805294;37,514928;Сокол;2;высокая;свежий GPS в 8 м, согласуется с соседями по времени езды;Сокол;8
20240923_003302(1).jpg;23.09.2024;00:33:02;55,805310;37,514816;Сокол;2;высокая;свежий GPS в 16 м, согласуется с соседями по времени езды;Сокол;16
20240923_003307(1).jpg;23.09.2024;00:33:07;55,805310;37,514816;Сокол;2;высокая;свежий GPS в 16 м, согласуется с соседями по времени езды;Сокол;16
20240923_003316(1).jpg;23.09.2024;00:33:16;55,805310;37,514816;Сокол;2;высокая;свежий GPS в 16 м, согласуется с соседями по времени езды;Сокол;16
20240923_003553(1).jpg;23.09.2024;00:35:53;55,806677;37,515812;Аэропорт;2;высокая;"без надёжной привязки; 1 серий между «Сокол» и «Динамо» выстроены вдоль пути (1 станций между ними), серия 1 по времени попадает на «Аэропорт»; серий ровно столько, сколько станций; GPS указывал на «Сокол» (164 м) — под землёй координата недостоверна";Сокол;164
20240923_003557(1).jpg;23.09.2024;00:35:56;55,806677;37,515812;Аэропорт;2;высокая;"без надёжной привязки; 1 серий между «Сокол» и «Динамо» выстроены вдоль пути (1 станций между ними), серия 1 по времени попадает на «Аэропорт»; серий ровно столько, сколько станций; GPS указывал на «Сокол» (164 м) — под землёй координата недостоверна";Сокол;164
20240923_003604(1).jpg;23.09.2024;00:36:04;55,790268;37,557159;Динамо;2;высокая;свежий GPS в 88 м, согласуется с соседями по времени езды;Динамо;88
20240923_003840(1).jpg;23.09.2024;00:38:40;55,777162;37,582523;Белорусская;2/5;высокая;свежий GPS в 83 м, согласуется с соседями по времени езды;Белорусская;83
20240923_003842(1).jpg;23.09.2024;00:38:42;55,777162;37,582523;Белорусская;2/5;высокая;свежий GPS в 83 м, согласуется с соседями по времени езды;Белорусская;83
20240923_003855(1).jpg;23.09.2024;00:38:55;55,777162;37,582523;Белорусская;2/5;высокая;свежий GPS в 83 м, согласуется с соседями по времени езды;Белорусская;83
20240923_004042(1).jpg;23.09.2024;00:40:42;55,770687;37,594525;Маяковская;2;высокая;свежий GPS в 67 м, согласуется с соседями по времени езды;Маяковская;67
20240923_004044(1).jpg;23.09.2024;00:40:44;55,770731;37,594524;Маяковская;2;высокая;свежий GPS в 72 м, согласуется с соседями по времени езды;Маяковская;72
20240923_004047(1).jpg;23.09.2024;00:40:46;55,770739;37,594524;Маяковская;2;высокая;свежий GPS в 72 м, согласуется с соседями по времени езды;Маяковская;72
20240923_004246(1).jpg;23.09.2024;00:42:46;55,769552;37,596702;Маяковская;2;высокая;свежий GPS в 122 м, согласуется с соседями по времени езды;Маяковская;122
20240923_004249(1).jpg;23.09.2024;00:42:49;55,769552;37,596702;Маяковская;2;высокая;свежий GPS в 122 м, согласуется с соседями по времени езды;Маяковская;122
20240923_004257(1).jpg;23.09.2024;00:42:57;55,769552;37,596702;Маяковская;2;высокая;свежий GPS в 122 м, согласуется с соседями по времени езды;Маяковская;122
20240923_004453(1).jpg;23.09.2024;00:44:53;55,698317;37,660830;Тверская;2;высокая;"без надёжной привязки; 1 серий между «Маяковская» и «Театральная» выстроены вдоль пути (1 станций между ними), серия 1 по времени попадает на «Тверская»; серий ровно столько, сколько станций; GPS указывал на «Технопарк» (569 м) — под землёй координата недостоверна";Технопарк;569
20240923_004501(1).jpg;23.09.2024;00:45:01;55,698317;37,660830;Тверская;2;высокая;"без надёжной привязки; 1 серий между «Маяковская» и «Театральная» выстроены вдоль пути (1 станций между ними), серия 1 по времени попадает на «Тверская»; серий ровно столько, сколько станций; GPS указывал на «Технопарк» (569 м) — под землёй координата недостоверна";Технопарк;569
20240923_004505(1).jpg;23.09.2024;00:45:05;55,698317;37,660830;Театральная;2;высокая;"название станции прочитано на кадре; GPS указывал на «Технопарк» (569 м) — под землёй координата недостоверна";Технопарк;569
20240923_004508(1).jpg;23.09.2024;00:45:09;55,698317;37,660830;Театральная;2;средняя;"без надёжной привязки; 2 серий между «Театральная» и «Новокузнецкая» выстроены вдоль пути (0 станций между ними), серия 1 по времени попадает на «Театральная»; GPS указывал на «Технопарк» (569 м) — под землёй координата недостоверна";Технопарк;569
20240923_004743(1).jpg;23.09.2024;00:47:43;;;Новокузнецкая;2;средняя;"без надёжной привязки; 2 серий между «Театральная» и «Новокузнецкая» выстроены вдоль пути (0 станций между ними), серия 2 по времени попадает на «Новокузнецкая»";;
20240923_004746(1).jpg;23.09.2024;00:47:46;55,698838;37,662066;Новокузнецкая;2;средняя;"станция узнана по виду на кадре (без надписи); GPS указывал на «Технопарк» (599 м) — под землёй координата недостоверна";Технопарк;599
20240923_004753(1).jpg;23.09.2024;00:47:53;55,698862;37,662069;Новокузнецкая;2;средняя;"без надёжной привязки; 2 серий между «Новокузнецкая» и «Автозаводская» выстроены вдоль пути (1 станций между ними), серия 1 по времени попадает на «Новокузнецкая»; GPS указывал на «Технопарк» (601 м) — под землёй координата недостоверна";Технопарк;601
20240923_005003(1).jpg;23.09.2024;00:50:03;55,700091;37,666193;Павелецкая;2/5;средняя;"без надёжной привязки; 2 серий между «Новокузнецкая» и «Автозаводская» выстроены вдоль пути (1 станций между ними), серия 2 по времени попадает на «Павелецкая»; GPS указывал на «Технопарк» (728 м) — под землёй координата недостоверна";Технопарк;728
20240923_005006(1).jpg;23.09.2024;00:50:06;55,700091;37,666193;Павелецкая;2/5;средняя;"без надёжной привязки; 2 серий между «Новокузнецкая» и «Автозаводская» выстроены вдоль пути (1 станций между ними), серия 2 по времени попадает на «Павелецкая»; GPS указывал на «Технопарк» (728 м) — под землёй координата недостоверна";Технопарк;728
20240923_005012(1).jpg;23.09.2024;00:50:12;55,700091;37,666193;Павелецкая;2/5;средняя;"без надёжной привязки; 2 серий между «Новокузнецкая» и «Автозаводская» выстроены вдоль пути (1 станций между ними), серия 2 по времени попадает на «Павелецкая»; GPS указывал на «Технопарк» (728 м) — под землёй координата недостоверна";Технопарк;728
20240923_005334(1).jpg;23.09.2024;00:53:34;55,707988;37,657747;Автозаводская;2/МЦК;высокая;свежий GPS в 75 м, согласуется с соседями по времени езды;Автозаводская;75
20240923_005337(1).jpg;23.09.2024;00:53:37;55,706527;37,657702;Автозаводская;2/МЦК;высокая;свежий GPS в 88 м, согласуется с соседями по времени езды;Автозаводская;88
20240923_005612(1).jpg;23.09.2024;00:56:12;55,698842;37,660544;Технопарк;2;средняя;"без надёжной привязки; 1 серий между «Автозаводская» и «Технопарк» выстроены вдоль пути (0 станций между ними), серия 1 по времени попадает на «Технопарк»";Технопарк;629
20240923_005616(1).jpg;23.09.2024;00:56:16;55,698842;37,660544;Технопарк;2;средняя;"без надёжной привязки; 1 серий между «Автозаводская» и «Технопарк» выстроены вдоль пути (0 станций между ними), серия 1 по времени попадает на «Технопарк»";Технопарк;629
20240923_005627(1).jpg;23.09.2024;00:56:28;55,694412;37,664107;Технопарк;2;высокая;свежий GPS в 90 м, согласуется с соседями по времени езды;Технопарк;90
20240923_005637(1).jpg;23.09.2024;00:56:37;55,694377;37,664104;Технопарк;2;высокая;свежий GPS в 86 м, согласуется с соседями по времени езды;Технопарк;86
20240923_005900(1).jpg;23.09.2024;00:59:00;55,681829;37,664143;Коломенская;2;средняя;"без надёжной привязки; 2 серий между «Технопарк» и «Каширская» выстроены вдоль пути (1 станций между ними), серия 1 по времени попадает на «Коломенская»";Коломенская;373
20240923_005904(1).jpg;23.09.2024;00:59:04;55,681829;37,664143;Коломенская;2;средняя;"без надёжной привязки; 2 серий между «Технопарк» и «Каширская» выстроены вдоль пути (1 станций между ними), серия 1 по времени попадает на «Коломенская»";Коломенская;373
20240923_010433(1).jpg;23.09.2024;01:04:32;55,683223;37,665239;Каширская;11/2;средняя;"без надёжной привязки; 2 серий между «Технопарк» и «Каширская» выстроены вдоль пути (1 станций между ними), серия 2 по времени попадает на «Каширская»; GPS указывал на «Коломенская» (534 м) — под землёй координата недостоверна";Коломенская;534
20240923_010440(1).jpg;23.09.2024;01:04:39;55,683223;37,665239;Каширская;11/2;высокая;"название станции прочитано на кадре; GPS указывал на «Коломенская» (534 м) — под землёй координата недостоверна";Коломенская;534
20240923_011613(1).jpg;23.09.2024;01:16:13;55,652923;37,598427;Каховская;11;высокая;свежий GPS в 2 м, согласуется с соседями по времени езды;Каховская;2
20240923_011625(1).jpg;23.09.2024;01:16:25;55,653028;37,598424;Каховская;11;высокая;свежий GPS в 14 м, согласуется с соседями по времени езды;Каховская;14
20240923_011837(1).jpg;23.09.2024;01:18:37;55,634622;37,602568;Каховская;11;средняя;"без надёжной привязки; 3 серий между «Каховская» и «Тульская» выстроены вдоль пути (4 станций между ними), серия 1 по времени попадает на «Каховская»; GPS указывал на «Чертановская» (698 м) — под землёй координата недостоверна";Чертановская;698
20240923_011849(1).jpg;23.09.2024;01:18:49;55,663043;37,606096;Каховская;11;средняя;"без надёжной привязки; 3 серий между «Каховская» и «Тульская» выстроены вдоль пути (4 станций между ними), серия 1 по времени попадает на «Каховская»; GPS указывал на «Нахимовский проспект» (53 м) — под землёй координата недостоверна";Нахимовский проспект;53
20240923_012025(1).jpg;23.09.2024;01:20:25;55,645142;37,603811;Севастопольская;9;средняя;"без надёжной привязки; 3 серий между «Каховская» и «Тульская» выстроены вдоль пути (4 станций между ними), серия 2 по времени попадает на «Севастопольская»; GPS указывал на «Чертановская» (552 м) — под землёй координата недостоверна";Чертановская;552
20240923_012030(1).jpg;23.09.2024;01:20:29;55,645142;37,603811;Севастопольская;9;средняя;"без надёжной привязки; 3 серий между «Каховская» и «Тульская» выстроены вдоль пути (4 станций между ними), серия 2 по времени попадает на «Севастопольская»; GPS указывал на «Чертановская» (552 м) — под землёй координата недостоверна";Чертановская;552
20240923_012228(1).jpg;23.09.2024;01:22:28;55,682282;37,622050;Нахимовский проспект;9;средняя;"без надёжной привязки; 3 серий между «Каховская» и «Тульская» выстроены вдоль пути (4 станций между ними), серия 3 по времени попадает на «Нахимовский проспект»; GPS указывал на «Нагатинская» (80 м) — под землёй координата недостоверна";Нагатинская;80
20240923_012553(1).jpg;23.09.2024;01:25:53;55,708151;37,623011;Тульская;9;высокая;свежий GPS в 58 м, согласуется с соседями по времени езды;Тульская;58
20240923_012556(1).jpg;23.09.2024;01:25:56;55,708151;37,623011;Тульская;9;высокая;свежий GPS в 58 м, согласуется с соседями по времени езды;Тульская;58
20240923_012603(1).jpg;23.09.2024;01:26:03;55,708151;37,623011;Тульская;9;высокая;свежий GPS в 58 м, согласуется с соседями по времени езды;Тульская;58
20240923_012900(1).jpg;23.09.2024;01:29:00;55,685249;37,619446;Серпуховская;9;высокая;"без надёжной привязки; 4 серий между «Тульская» и «Цветной бульвар» выстроены вдоль пути (4 станций между ними), серия 1 по времени попадает на «Серпуховская»; серий ровно столько, сколько станций; GPS указывал на «Нагатинская» (314 м) — под землёй координата недостоверна";Нагатинская;314
20240923_012916(1).jpg;23.09.2024;01:29:16;55,685249;37,619446;Серпуховская;9;высокая;"без надёжной привязки; 4 серий между «Тульская» и «Цветной бульвар» выстроены вдоль пути (4 станций между ними), серия 1 по времени попадает на «Серпуховская»; серий ровно столько, сколько станций; GPS указывал на «Нагатинская» (314 м) — под землёй координата недостоверна";Нагатинская;314
20240923_013128(1).jpg;23.09.2024;01:31:28;55,709569;37,622511;Полянка;9;высокая;"без надёжной привязки; 4 серий между «Тульская» и «Цветной бульвар» выстроены вдоль пути (4 станций между ними), серия 2 по времени попадает на «Полянка»; серий ровно столько, сколько станций; GPS указывал на «Тульская» (102 м) — под землёй координата недостоверна";Тульская;102
20240923_013132(1).jpg;23.09.2024;01:31:32;55,709569;37,622511;Полянка;9;высокая;"без надёжной привязки; 4 серий между «Тульская» и «Цветной бульвар» выстроены вдоль пути (4 станций между ними), серия 2 по времени попадает на «Полянка»; серий ровно столько, сколько станций; GPS указывал на «Тульская» (102 м) — под землёй координата недостоверна";Тульская;102
20240923_013139(1).jpg;23.09.2024;01:31:39;55,709569;37,622511;Полянка;9;высокая;"без надёжной привязки; 4 серий между «Тульская» и «Цветной бульвар» выстроены вдоль пути (4 станций между ними), серия 2 по времени попадает на «Полянка»; серий ровно столько, сколько станций; GPS указывал на «Тульская» (102 м) — под землёй координата недостоверна";Тульская;102
20240923_013337(1).jpg;23.09.2024;01:33:37;55,709572;37,622515;Боровицкая;9;высокая;"без надёжной привязки; 4 серий между «Тульская» и «Цветной бульвар» выстроены вдоль пути (4 станций между ними), серия 3 по времени попадает на «Боровицкая»; серий ровно столько, сколько станций; GPS указывал на «Тульская» (103 м) — под землёй координата недостоверна";Тульская;103
20240923_013340(1).jpg;23.09.2024;01:33:40;55,709572;37,622515;Боровицкая;9;высокая;"без надёжной привязки; 4 серий между «Тульская» и «Цветной бульвар» выстроены вдоль пути (4 станций между ними), серия 3 по времени попадает на «Боровицкая»; серий ровно столько, сколько станций; GPS указывал на «Тульская» (103 м) — под землёй координата недостоверна";Тульская;103
20240923_013541(1).jpg;23.09.2024;01:35:41;55,767012;37,604447;Чеховская;9;высокая;"без надёжной привязки; 4 серий между «Тульская» и «Цветной бульвар» выстроены вдоль пути (4 станций между ними), серия 4 по времени попадает на «Чеховская»; серий ровно столько, сколько станций; GPS указывал на «Пушкинская» (256 м) — под землёй координата недостоверна";Пушкинская;256
20240923_013547(1).jpg;23.09.2024;01:35:47;55,767012;37,604447;Чеховская;9;высокая;"без надёжной привязки; 4 серий между «Тульская» и «Цветной бульвар» выстроены вдоль пути (4 станций между ними), серия 4 по времени попадает на «Чеховская»; серий ровно столько, сколько станций; GPS указывал на «Пушкинская» (256 м) — под землёй координата недостоверна";Пушкинская;256
20240923_013554(1).jpg;23.09.2024;01:35:53;55,767012;37,604447;Чеховская;9;высокая;"без надёжной привязки; 4 серий между «Тульская» и «Цветной бульвар» выстроены вдоль пути (4 станций между ними), серия 4 по времени попадает на «Чеховская»; серий ровно столько, сколько станций; GPS указывал на «Пушкинская» (256 м) — под землёй координата недостоверна";Пушкинская;256
20240923_013608(1).jpg;23.09.2024;01:36:08;55,767012;37,604447;Чеховская;9;высокая;"без надёжной привязки; 4 серий между «Тульская» и «Цветной бульвар» выстроены вдоль пути (4 станций между ними), серия 4 по времени попадает на «Чеховская»; серий ровно столько, сколько станций; GPS указывал на «Пушкинская» (256 м) — под землёй координата недостоверна";Пушкинская;256
20240923_013744(1).jpg;23.09.2024;01:37:44;55,771187;37,619551;Цветной бульвар;9;высокая;свежий GPS в 108 м, согласуется с соседями по времени езды;Цветной бульвар;108
20240923_013750(1).jpg;23.09.2024;01:37:50;55,771187;37,619551;Цветной бульвар;9;высокая;свежий GPS в 108 м, согласуется с соседями по времени езды;Цветной бульвар;108
20240923_014012(1).jpg;23.09.2024;01:40:12;55,797070;37,588218;Менделеевская;9;высокая;"без надёжной привязки; 1 серий между «Цветной бульвар» и «Савёловская» выстроены вдоль пути (1 станций между ними), серия 1 по времени попадает на «Менделеевская»; серий ровно столько, сколько станций; GPS указывал на «Савёловская» (511 м) — под землёй координата недостоверна";Савёловская;511
20240923_014017(1).jpg;23.09.2024;01:40:17;55,797070;37,588218;Менделеевская;9;высокая;"без надёжной привязки; 1 серий между «Цветной бульвар» и «Савёловская» выстроены вдоль пути (1 станций между ними), серия 1 по времени попадает на «Менделеевская»; серий ровно столько, сколько станций; GPS указывал на «Савёловская» (511 м) — под землёй координата недостоверна";Савёловская;511
20240923_014021(1).jpg;23.09.2024;01:40:21;55,797070;37,588218;Менделеевская;9;высокая;"без надёжной привязки; 1 серий между «Цветной бульвар» и «Савёловская» выстроены вдоль пути (1 станций между ними), серия 1 по времени попадает на «Менделеевская»; серий ровно столько, сколько станций; GPS указывал на «Савёловская» (511 м) — под землёй координата недостоверна";Савёловская;511
20240923_014030(1).jpg;23.09.2024;01:40:30;55,797070;37,588218;Менделеевская;9;высокая;"без надёжной привязки; 1 серий между «Цветной бульвар» и «Савёловская» выстроены вдоль пути (1 станций между ними), серия 1 по времени попадает на «Менделеевская»; серий ровно столько, сколько станций; GPS указывал на «Савёловская» (511 м) — под землёй координата недостоверна";Савёловская;511
20240923_014226(1).jpg;23.09.2024;01:42:26;55,793153;37,588217;Савёловская;11/9;высокая;свежий GPS в 83 м, согласуется с соседями по времени езды;Савёловская;83
20240923_014229(1).jpg;23.09.2024;01:42:29;55,793153;37,588217;Савёловская;11/9;высокая;свежий GPS в 83 м, согласуется с соседями по времени езды;Савёловская;83
20240923_014434(1).jpg;23.09.2024;01:44:34;55,807822;37,581429;Дмитровская;9;высокая;свежий GPS в 142 м, согласуется с соседями по времени езды;Дмитровская;142
20240923_014613(1).jpg;23.09.2024;01:46:13;55,817967;37,576048;Тимирязевская;9;высокая;свежий GPS в 96 м, согласуется с соседями по времени езды;Тимирязевская;96
20240923_014615(1).jpg;23.09.2024;01:46:15;55,817967;37,576048;Тимирязевская;9;высокая;свежий GPS в 96 м, согласуется с соседями по времени езды;Тимирязевская;96
20240923_014841(1).jpg;23.09.2024;01:48:41;55,834148;37,574283;Петровско-Разумовская;10/9;высокая;свежий GPS в 69 м, согласуется с соседями по времени езды;Петровско-Разумовская;69
20240923_014844(1).jpg;23.09.2024;01:48:44;55,834148;37,574283;Петровско-Разумовская;10/9;высокая;свежий GPS в 69 м, согласуется с соседями по времени езды;Петровско-Разумовская;69
20240923_014847(1).jpg;23.09.2024;01:48:47;55,834148;37,574283;Петровско-Разумовская;10/9;высокая;свежий GPS в 69 м, согласуется с соседями по времени езды;Петровско-Разумовская;69
20240923_015132(1).jpg;23.09.2024;01:51:32;55,847436;37,590181;Владыкино;9/МЦК;высокая;свежий GPS в 33 м, согласуется с соседями по времени езды;Владыкино;33
20240923_015135(1).jpg;23.09.2024;01:51:35;55,847436;37,590181;Владыкино;9/МЦК;высокая;свежий GPS в 33 м, согласуется с соседями по времени езды;Владыкино;33
20240923_015139(1).jpg;23.09.2024;01:51:39;55,847436;37,590181;Владыкино;9/МЦК;высокая;свежий GPS в 33 м, согласуется с соседями по времени езды;Владыкино;33
20240923_015403(1).jpg;23.09.2024;01:54:03;55,863171;37,604470;Отрадное;9;высокая;свежий GPS в 11 м, согласуется с соседями по времени езды;Отрадное;11
20240923_015419(1).jpg;23.09.2024;01:54:19;55,863171;37,604470;Отрадное;9;высокая;свежий GPS в 11 м, согласуется с соседями по времени езды;Отрадное;11
20240923_015422(1).jpg;23.09.2024;01:54:22;55,863171;37,604470;Отрадное;9;высокая;свежий GPS в 11 м, согласуется с соседями по времени езды;Отрадное;11
20240923_015720(1).jpg;23.09.2024;01:57:20;55,883965;37,603483;Бибирево;9;высокая;свежий GPS в 11 м, согласуется с соседями по времени езды;Бибирево;11
20240923_015723(1).jpg;23.09.2024;01:57:23;55,883965;37,603483;Бибирево;9;высокая;свежий GPS в 11 м, согласуется с соседями по времени езды;Бибирево;11
20240923_015951(1).jpg;23.09.2024;01:59:51;55,897793;37,587367;Алтуфьево;9;высокая;свежий GPS в 14 м, согласуется с соседями по времени езды;Алтуфьево;14
20240923_015957(1).jpg;23.09.2024;01:59:57;55,897793;37,587367;Алтуфьево;9;высокая;свежий GPS в 14 м, согласуется с соседями по времени езды;Алтуфьево;14
20240923_020002(1).jpg;23.09.2024;02:00:02;55,897793;37,587367;Алтуфьево;9;высокая;свежий GPS в 14 м, согласуется с соседями по времени езды;Алтуфьево;14
20240923_020028(1).jpg;23.09.2024;02:00:28;55,898587;37,587365;Алтуфьево;9;высокая;свежий GPS в 74 м, согласуется с соседями по времени езды;Алтуфьево;74
20240923_020049(1).jpg;23.09.2024;02:00:49;55,898574;37,587378;Алтуфьево;9;высокая;свежий GPS в 73 м, согласуется с соседями по времени езды;Алтуфьево;73
